"id","id_competition","competition_name","competition_official_name","competition_initial_date","competition_final_date","competition_url_image","competition_url_image_negative","id_edition","edition_year","id_phase","id_subphase","id_round","id_matchweek","id_match","period","id_edition_license_team","is_local","id_team","id_local_team","local_team_id_team_denomination","local_team_team_actual_name","local_team_team_actual_short_name","local_team_team_abbrev_name","id_visitor_team","visitor_team_id_team_denomination","visitor_team_team_actual_name","visitor_team_team_actual_short_name","visitor_team_team_abbrev_name","match_number","points","time_played","3pt_success","3pt_tried","3pt_percentage","2pt_success","2pt_tried","2pt_percentage","1pt_success","1pt_tried","1pt_percentage","defensive_rebound","offensive_rebound","total_rebound","asis","steals","turnovers","counter_attack","blocks","received_blocks","dunks","personal_fouls","received_fouls","val","differential","tournament_number2","defeats","victories","tie","team_score","rival_team_score","timeouts","time_as_leader","leader_changes","maximun_difference","points_after_steal","points_in_the_paint","second_opportinity_points","bench_points","best_streak","...71"
2228367,3,"Supercopa","Supercopa Endesa",477108000,NA,"https://static.acb.com/img/14/39/3/27868634006.png","https://static.acb.com/img/1c/1a/3d/27940034120.png",91,2026,103,291,361,6050,105683,NA,NA,FALSE,4481,4482,3417,"Asisa Joventut","Asisa Joventut","JOV",4481,3420,"Barça","Barça","BAR",1,87,12000,12,29,41,17,33,51,17,26,65,18,7,25,14,7,8,13,1,3,1,17,23,87,-70,-1,13,0,0,87,101,4,0,0,0,6,26,7,30,7,NA
2228366,3,"Supercopa","Supercopa Endesa",477108000,NA,"https://static.acb.com/img/14/39/3/27868634006.png","https://static.acb.com/img/1c/1a/3d/27940034120.png",91,2026,103,291,361,6050,105683,NA,NA,TRUE,4482,4482,3417,"Asisa Joventut","Asisa Joventut","JOV",4481,3420,"Barça","Barça","BAR",1,101,12000,17,33,51,21,31,67,8,11,72,26,10,36,21,2,13,3,3,1,2,24,16,112,70,-1,0,13,0,101,87,3,2332,0,17,0,38,10,39,10,NA
2228222,3,"Supercopa","Supercopa Endesa",477108000,NA,"https://static.acb.com/img/14/39/3/27868634006.png","https://static.acb.com/img/1c/1a/3d/27940034120.png",91,2026,103,292,352,6049,105682,NA,NA,TRUE,4483,4483,3419,"Valencia Basket","Valencia Basket","VBC",4481,3420,"Barça","Barça","BAR",1,86,12000,9,37,24,18,36,50,23,32,71,27,10,37,19,12,11,10,2,1,5,25,25,89,-5,-1,13,0,0,86,87,4,90,3,3,2,32,4,20,6,NA
2228223,3,"Supercopa","Supercopa Endesa",477108000,NA,"https://static.acb.com/img/14/39/3/27868634006.png","https://static.acb.com/img/1c/1a/3d/27940034120.png",91,2026,103,292,352,6049,105682,NA,NA,FALSE,4481,4483,3419,"Valencia Basket","Valencia Basket","VBC",4481,3420,"Barça","Barça","BAR",1,87,12000,10,26,38,19,44,43,19,22,86,35,16,51,13,3,21,2,1,2,4,25,24,87,5,-1,0,13,0,87,86,5,2127,3,10,0,36,6,37,9,NA
2228031,3,"Supercopa","Supercopa Endesa",477108000,NA,"https://static.acb.com/img/14/39/3/27868634006.png","https://static.acb.com/img/1c/1a/3d/27940034120.png",91,2026,103,292,351,6049,105681,NA,NA,FALSE,4484,4482,3417,"Asisa Joventut","Asisa Joventut","JOV",4484,3418,"Kosner Baskonia","Kosner Baskonia","BKN",1,84,12000,9,31,29,20,38,52,17,31,54,32,12,44,18,5,10,15,2,4,2,23,26,88,-60,-1,13,0,0,84,96,2,956,6,8,4,38,5,31,8,NA
2228030,3,"Supercopa","Supercopa Endesa",477108000,NA,"https://static.acb.com/img/14/39/3/27868634006.png","https://static.acb.com/img/1c/1a/3d/27940034120.png",91,2026,103,292,351,6049,105681,NA,NA,TRUE,4482,4482,3417,"Asisa Joventut","Asisa Joventut","JOV",4484,3418,"Kosner Baskonia","Kosner Baskonia","BKN",1,96,12000,11,35,31,26,42,61,11,18,61,38,12,50,19,5,11,17,4,2,6,27,23,110,60,-1,0,13,0,96,84,3,1342,6,14,5,44,0,44,7,NA
2229779,1,"Liga Nacional","Liga Endesa",-402534000,NA,"https://www.acb.com/Documentos/Cabeceras/logo-competicion-1b.png","https://www.acb.com/Documentos/Cabeceras/logo-competicion-4a.png",91,2026,107,NA,NA,6015,105375,NA,NA,FALSE,4471,4475,3396,"Surne Bilbao","Surne Bilbao","SBB",4471,3392,"Kids&Us Manresa","Kids&Us Manresa","K&U",1,38,6000,2,16,12,14,19,73,4,8,50,9,4,13,11,4,4,6,0,0,4,11,12,40,-30,-1,0,0,0,38,44,2,40,1,1,2,26,0,15,7,NA
2229778,1,"Liga Nacional","Liga Endesa",-402534000,NA,"https://www.acb.com/Documentos/Cabeceras/logo-competicion-1b.png","https://www.acb.com/Documentos/Cabeceras/logo-competicion-4a.png",91,2026,107,NA,NA,6015,105375,NA,NA,TRUE,4475,4475,3396,"Surne Bilbao","Surne Bilbao","SBB",4471,3392,"Kids&Us Manresa","Kids&Us Manresa","K&U",1,44,6000,6,14,42,7,18,38,12,15,80,14,7,21,11,3,7,2,0,0,1,12,11,49,30,-1,0,0,0,44,38,0,1036,1,7,0,14,7,13,6,NA
2229943,1,"Liga Nacional","Liga Endesa",-402534000,NA,"https://www.acb.com/Documentos/Cabeceras/logo-competicion-1b.png","https://www.acb.com/Documentos/Cabeceras/logo-competicion-4a.png",91,2026,107,NA,NA,6015,105376,NA,NA,FALSE,4479,4466,3387,"MoraBanc Andorra","MoraBanc And","MBA",4479,3400,"Monbus Obradoiro","Monbus Obra","MOB",1,90,11965,9,27,33,23,41,56,17,23,73,29,10,39,23,6,11,5,1,2,4,24,22,102,30,-1,0,0,0,90,84,3,285,2,9,6,40,9,37,9,NA
2229942,1,"Liga Nacional","Liga Endesa",-402534000,NA,"https://www.acb.com/Documentos/Cabeceras/logo-competicion-1b.png","https://www.acb.com/Documentos/Cabeceras/logo-competicion-4a.png",91,2026,107,NA,NA,6015,105376,NA,NA,TRUE,4466,4466,3387,"MoraBanc Andorra","MoraBanc And","MBA",4479,3400,"Monbus Obradoiro","Monbus Obra","MOB",1,84,11965,10,31,32,19,37,51,16,19,84,28,12,40,20,6,12,17,2,1,2,23,24,98,-30,-1,0,0,0,84,90,4,2050,1,13,3,36,5,31,12,NA
2230135,1,"Liga Nacional","Liga Endesa",-402534000,NA,"https://www.acb.com/Documentos/Cabeceras/logo-competicion-1b.png","https://www.acb.com/Documentos/Cabeceras/logo-competicion-4a.png",91,2026,107,NA,NA,6015,105377,NA,NA,FALSE,4480,4467,3388,"Barça","Barça","BAR",4480,3401,"Leyma Coruña","Leyma Coruña","COR",1,24,3785,2,8,25,5,12,41,8,10,80,7,6,13,5,3,6,0,0,0,0,5,8,27,-25,-1,0,0,0,24,29,1,110,2,1,6,8,2,10,4,NA
2230134,1,"Liga Nacional","Liga Endesa",-402534000,NA,"https://www.acb.com/Documentos/Cabeceras/logo-competicion-1b.png","https://www.acb.com/Documentos/Cabeceras/logo-competicion-4a.png",91,2026,107,NA,NA,6015,105377,NA,NA,TRUE,4467,4467,3388,"Barça","Barça","BAR",4480,3401,"Leyma Coruña","Leyma Coruña","COR",1,29,3785,3,6,50,9,16,56,2,2,100,8,3,11,5,4,5,5,0,0,1,8,5,31,25,-1,0,0,0,29,24,1,608,2,7,10,16,3,14,8,NA
2230353,1,"Liga Nacional","Liga Endesa",-402534000,NA,"https://www.acb.com/Documentos/Cabeceras/logo-competicion-1b.png","https://www.acb.com/Documentos/Cabeceras/logo-competicion-4a.png",91,2026,107,NA,NA,6015,105378,NA,NA,FALSE,4473,4464,3385,"Río Breogán","Río Breogán","BRE",4473,3394,"Asisa Joventut","Asisa Joventut","JOV",1,104,12000,12,36,33,25,39,64,18,19,94,25,8,33,20,4,9,6,3,1,1,25,18,108,-30,-1,12,0,0,104,110,5,229,6,3,4,48,0,45,8,NA
2230352,1,"Liga Nacional","Liga Endesa",-402534000,NA,"https://www.acb.com/Documentos/Cabeceras/logo-competicion-1b.png","https://www.acb.com/Documentos/Cabeceras/logo-competicion-4a.png",91,2026,107,NA,NA,6015,105378,NA,NA,TRUE,4464,4464,3385,"Río Breogán","Río Breogán","BRE",4473,3394,"Asisa Joventut","Asisa Joventut","JOV",1,110,12000,12,28,42,24,42,57,26,33,78,28,9,37,23,7,9,12,1,3,2,18,25,132,30,-1,0,13,0,110,104,3,2018,6,14,0,44,4,55,9,NA
2230458,1,"Liga Nacional","Liga Endesa",-402534000,NA,"https://www.acb.com/Documentos/Cabeceras/logo-competicion-1b.png","https://www.acb.com/Documentos/Cabeceras/logo-competicion-4a.png",91,2026,107,NA,NA,6015,105379,NA,NA,TRUE,4469,4469,3390,"Recoletas Salud San Pablo Burgos","Recoletas Salud","BUR",4463,2729,"Kosner Baskonia","Kosner Baskonia","BKN",1,97,11790,4,21,19,33,55,60,19,26,73,28,22,50,15,6,15,16,2,3,3,22,21,105,10,-1,0,0,0,97,95,3,977,2,12,8,58,6,54,11,NA
2230459,1,"Liga Nacional","Liga Endesa",-402534000,NA,"https://www.acb.com/Documentos/Cabeceras/logo-competicion-1b.png","https://www.acb.com/Documentos/Cabeceras/logo-competicion-4a.png",91,2026,107,NA,NA,6015,105379,NA,NA,FALSE,4463,4469,3390,"Recoletas Salud San Pablo Burgos","Recoletas Salud","BUR",4463,2729,"Kosner Baskonia","Kosner Baskonia","BKN",1,95,11790,9,27,33,23,34,67,22,25,88,21,3,24,23,9,11,15,3,2,3,21,20,108,-10,-1,0,0,0,95,97,3,1319,2,11,11,40,2,48,9,NA
2230621,1,"Liga Nacional","Liga Endesa",-402534000,NA,"https://www.acb.com/Documentos/Cabeceras/logo-competicion-1b.png","https://www.acb.com/Documentos/Cabeceras/logo-competicion-4a.png",91,2026,107,NA,NA,6015,105380,NA,NA,TRUE,4478,4478,3399,"La Laguna Tenerife","La Laguna TFE","LLT",4474,3395,"Casademont Zaragoza","Casademont Zgz","CAZ",1,70,10000,10,26,38,14,33,42,12,15,80,19,10,29,15,7,5,2,1,3,0,13,21,84,5,-1,0,0,0,70,69,2,374,4,6,5,24,9,32,10,NA
2230622,1,"Liga Nacional","Liga Endesa",-402534000,NA,"https://www.acb.com/Documentos/Cabeceras/logo-competicion-1b.png","https://www.acb.com/Documentos/Cabeceras/logo-competicion-4a.png",91,2026,107,NA,NA,6015,105380,NA,NA,FALSE,4474,4478,3399,"La Laguna Tenerife","La Laguna TFE","LLT",4474,3395,"Casademont Zaragoza","Casademont Zgz","CAZ",1,69,10000,12,26,46,13,24,54,7,13,53,25,6,31,16,4,15,2,3,1,2,21,13,68,-5,-1,0,0,0,69,70,3,1355,4,10,0,22,5,26,9,NA
2230924,1,"Liga Nacional","Liga Endesa",-402534000,NA,"https://www.acb.com/Documentos/Cabeceras/logo-competicion-1b.png","https://www.acb.com/Documentos/Cabeceras/logo-competicion-4a.png",91,2026,107,NA,NA,6015,105381,NA,NA,FALSE,4468,4470,3391,"FIATC Girona","FIATC Girona","GIR",4468,3389,"UCAM Murcia","UCAM Murcia","UCM",1,77,12000,12,45,26,13,29,44,15,16,93,30,12,42,13,9,13,7,7,1,2,29,21,76,-35,-1,13,0,0,77,84,3,847,7,6,5,26,5,46,9,NA
2230923,1,"Liga Nacional","Liga Endesa",-402534000,NA,"https://www.acb.com/Documentos/Cabeceras/logo-competicion-1b.png","https://www.acb.com/Documentos/Cabeceras/logo-competicion-4a.png",91,2026,107,NA,NA,6015,105381,NA,NA,TRUE,4470,4470,3391,"FIATC Girona","FIATC Girona","GIR",4468,3389,"UCAM Murcia","UCAM Murcia","UCM",1,84,12000,6,21,28,22,45,48,22,34,64,33,11,44,10,8,11,10,1,7,3,21,29,87,35,-1,0,13,0,84,77,3,1198,7,8,4,38,4,52,11,NA
2231060,1,"Liga Nacional","Liga Endesa",-402534000,NA,"https://www.acb.com/Documentos/Cabeceras/logo-competicion-1b.png","https://www.acb.com/Documentos/Cabeceras/logo-competicion-4a.png",91,2026,107,NA,NA,6015,105382,NA,NA,FALSE,4465,4472,3393,"Valencia Basket","Valencia Basket","VBC",4465,3386,"iLERNA Lleida","iLERNA Lleida","ILE",1,62,7580,6,22,27,17,25,68,10,12,83,24,10,34,12,8,13,8,2,0,1,15,14,78,-5,-1,0,0,0,62,63,3,661,2,10,3,30,9,19,10,NA
2231059,1,"Liga Nacional","Liga Endesa",-402534000,NA,"https://www.acb.com/Documentos/Cabeceras/logo-competicion-1b.png","https://www.acb.com/Documentos/Cabeceras/logo-competicion-4a.png",91,2026,107,NA,NA,6015,105382,NA,NA,TRUE,4472,4472,3393,"Valencia Basket","Valencia Basket","VBC",4465,3386,"iLERNA Lleida","iLERNA Lleida","ILE",1,63,7580,8,23,34,15,29,51,9,13,69,14,10,24,16,4,9,14,1,2,1,14,14,64,5,-1,0,0,0,63,62,2,705,3,9,3,26,5,40,9,NA
2231249,1,"Liga Nacional","Liga Endesa",-402534000,NA,"https://www.acb.com/Documentos/Cabeceras/logo-competicion-1b.png","https://www.acb.com/Documentos/Cabeceras/logo-competicion-4a.png",91,2026,107,NA,NA,6015,105383,NA,NA,TRUE,4476,4476,3397,"Real Madrid","Real Madrid","RMB",4477,3398,"Unicaja","Unicaja","UNI",1,23,3000,1,7,14,9,12,75,2,2,100,7,1,8,5,1,2,4,2,0,1,5,5,28,5,-1,0,0,0,23,22,0,260,3,4,2,12,0,11,7,NA
2231250,1,"Liga Nacional","Liga Endesa",-402534000,NA,"https://www.acb.com/Documentos/Cabeceras/logo-competicion-1b.png","https://www.acb.com/Documentos/Cabeceras/logo-competicion-4a.png",91,2026,107,NA,NA,6015,105383,NA,NA,FALSE,4477,4476,3397,"Real Madrid","Real Madrid","RMB",4477,3398,"Unicaja","Unicaja","UNI",1,22,3000,3,5,60,5,11,45,3,4,75,7,1,8,5,1,3,2,0,2,0,5,5,22,-5,-1,0,0,0,22,23,0,142,3,4,0,10,0,9,7,NA
2232373,1,"Liga Nacional","Liga Endesa",-402534000,NA,"https://www.acb.com/Documentos/Cabeceras/logo-competicion-1b.png","https://www.acb.com/Documentos/Cabeceras/logo-competicion-4a.png",91,2026,107,NA,NA,6016,105385,NA,NA,FALSE,4478,4477,3398,"Unicaja","Unicaja","UNI",4478,3399,"La Laguna Tenerife","La Laguna TFE","LLT",1,39,6000,7,16,43,8,16,50,2,4,50,12,1,13,8,1,4,0,1,0,0,13,8,34,0,-1,0,0,0,39,39,2,403,3,4,0,16,2,9,9,NA
2232372,1,"Liga Nacional","Liga Endesa",-402534000,NA,"https://www.acb.com/Documentos/Cabeceras/logo-competicion-1b.png","https://www.acb.com/Documentos/Cabeceras/logo-competicion-4a.png",91,2026,107,NA,NA,6016,105385,NA,NA,TRUE,4477,4477,3398,"Unicaja","Unicaja","UNI",4478,3399,"La Laguna Tenerife","La Laguna TFE","LLT",1,39,6000,3,14,21,10,19,52,10,12,83,16,7,23,8,2,5,7,0,1,1,8,13,49,0,-1,0,0,0,39,39,1,604,3,8,2,12,0,9,8,NA
2232515,1,"Liga Nacional","Liga Endesa",-402534000,NA,"https://www.acb.com/Documentos/Cabeceras/logo-competicion-1b.png","https://www.acb.com/Documentos/Cabeceras/logo-competicion-4a.png",91,2026,107,NA,NA,6016,105386,NA,NA,FALSE,4464,4471,3392,"Kids&Us Manresa","Kids&Us Manresa","K&U",4464,3385,"Río Breogán","Río Breogán","BRE",1,101,12000,10,26,38,26,45,57,19,27,70,27,10,37,21,7,14,14,2,4,3,27,28,108,30,-1,0,13,0,101,95,3,1475,1,23,6,52,10,57,10,NA
2232514,1,"Liga Nacional","Liga Endesa",-402534000,NA,"https://www.acb.com/Documentos/Cabeceras/logo-competicion-1b.png","https://www.acb.com/Documentos/Cabeceras/logo-competicion-4a.png",91,2026,107,NA,NA,6016,105386,NA,NA,TRUE,4471,4471,3392,"Kids&Us Manresa","Kids&Us Manresa","K&U",4464,3385,"Río Breogán","Río Breogán","BRE",1,95,12000,10,27,37,20,36,55,25,38,65,26,8,34,21,7,13,14,4,2,2,28,26,98,-30,-1,13,0,0,95,101,4,910,0,14,4,40,4,17,8,NA
2232655,1,"Liga Nacional","Liga Endesa",-402534000,NA,"https://www.acb.com/Documentos/Cabeceras/logo-competicion-1b.png","https://www.acb.com/Documentos/Cabeceras/logo-competicion-4a.png",91,2026,107,NA,NA,6016,105387,NA,NA,FALSE,4469,4465,3386,"iLERNA Lleida","iLERNA Lleida","ILE",4469,3390,"Recoletas Salud San Pablo Burgos","Recoletas Salud","BUR",1,94,12000,9,23,39,26,49,53,15,20,75,26,14,40,14,12,17,13,1,7,3,23,21,93,65,-1,0,13,0,94,81,2,658,6,13,8,44,13,48,9,NA
2232654,1,"Liga Nacional","Liga Endesa",-402534000,NA,"https://www.acb.com/Documentos/Cabeceras/logo-competicion-1b.png","https://www.acb.com/Documentos/Cabeceras/logo-competicion-4a.png",91,2026,107,NA,NA,6016,105387,NA,NA,TRUE,4465,4465,3386,"iLERNA Lleida","iLERNA Lleida","ILE",4469,3390,"Recoletas Salud San Pablo Burgos","Recoletas Salud","BUR",1,81,12000,6,32,18,24,35,68,15,21,71,22,10,32,20,9,17,15,7,1,7,21,23,90,-65,-1,13,0,0,81,94,4,1519,6,6,7,42,6,35,8,NA
2232711,1,"Liga Nacional","Liga Endesa",-402534000,NA,"https://www.acb.com/Documentos/Cabeceras/logo-competicion-1b.png","https://www.acb.com/Documentos/Cabeceras/logo-competicion-4a.png",91,2026,107,NA,NA,6016,105388,NA,NA,FALSE,4475,4480,3401,"Leyma Coruña","Leyma Coruña","COR",4475,3396,"Surne Bilbao","Surne Bilbao","SBB",1,101,13500,12,35,34,22,42,52,21,24,87,27,14,41,16,7,17,10,4,2,2,25,26,105,-15,-1,13,0,0,101,104,5,321,5,4,5,38,4,34,8,NA
2232710,1,"Liga Nacional","Liga Endesa",-402534000,NA,"https://www.acb.com/Documentos/Cabeceras/logo-competicion-1b.png","https://www.acb.com/Documentos/Cabeceras/logo-competicion-4a.png",91,2026,107,NA,NA,6016,105388,NA,NA,TRUE,4480,4480,3401,"Leyma Coruña","Leyma Coruña","COR",4475,3396,"Surne Bilbao","Surne Bilbao","SBB",1,104,13500,10,26,38,27,56,48,20,27,74,23,19,42,20,9,15,8,2,4,0,26,24,104,15,-1,0,13,0,104,101,4,2028,5,9,7,50,6,41,9,NA
2232775,1,"Liga Nacional","Liga Endesa",-402534000,NA,"https://www.acb.com/Documentos/Cabeceras/logo-competicion-1b.png","https://www.acb.com/Documentos/Cabeceras/logo-competicion-4a.png",91,2026,107,NA,NA,6016,105389,NA,NA,FALSE,4476,4479,3400,"Monbus Obradoiro","Monbus Obra","MOB",4476,3397,"Real Madrid","Real Madrid","RMB",1,112,13500,13,33,39,20,36,55,33,46,71,30,16,46,24,10,18,13,3,1,4,21,31,137,25,-1,0,0,0,112,107,4,1734,7,11,10,34,13,65,9,NA
2232774,1,"Liga Nacional","Liga Endesa",-402534000,NA,"https://www.acb.com/Documentos/Cabeceras/logo-competicion-1b.png","https://www.acb.com/Documentos/Cabeceras/logo-competicion-4a.png",91,2026,107,NA,NA,6016,105389,NA,NA,TRUE,4479,4479,3400,"Monbus Obradoiro","Monbus Obra","MOB",4476,3397,"Real Madrid","Real Madrid","RMB",1,107,13500,11,31,35,26,49,53,22,31,70,25,16,41,18,11,15,14,2,2,4,31,20,99,-25,-1,0,0,0,107,112,5,611,6,6,10,38,5,56,11,NA
2233139,1,"Liga Nacional","Liga Endesa",-402534000,NA,"https://www.acb.com/Documentos/Cabeceras/logo-competicion-1b.png","https://www.acb.com/Documentos/Cabeceras/logo-competicion-4a.png",91,2026,107,NA,NA,6016,105390,NA,NA,FALSE,4472,4474,3395,"Casademont Zaragoza","Casademont Zgz","CAZ",4472,3393,"Valencia Basket","Valencia Basket","VBC",1,97,12000,17,36,47,16,32,50,14,18,77,23,11,34,20,5,7,7,3,1,1,26,19,105,75,-1,0,13,0,97,82,1,836,7,15,5,24,5,40,6,NA
2233138,1,"Liga Nacional","Liga Endesa",-402534000,NA,"https://www.acb.com/Documentos/Cabeceras/logo-competicion-1b.png","https://www.acb.com/Documentos/Cabeceras/logo-competicion-4a.png",91,2026,107,NA,NA,6016,105390,NA,NA,TRUE,4474,4474,3395,"Casademont Zaragoza","Casademont Zgz","CAZ",4472,3393,"Valencia Basket","Valencia Basket","VBC",1,82,12000,8,30,26,17,36,47,24,30,80,26,17,43,14,5,11,8,2,2,1,20,26,92,-75,-1,13,0,0,82,97,5,1394,7,9,0,28,9,33,6,NA
2233283,1,"Liga Nacional","Liga Endesa",-402534000,NA,"https://www.acb.com/Documentos/Cabeceras/logo-competicion-1b.png","https://www.acb.com/Documentos/Cabeceras/logo-competicion-4a.png",91,2026,107,NA,NA,6016,105391,NA,NA,FALSE,4470,4463,2729,"Kosner Baskonia","Kosner Baskonia","BKN",4470,3391,"FIATC Girona","FIATC Girona","GIR",1,12,1455,0,0,0,6,7,85,0,0,0,4,0,4,2,0,1,2,0,0,1,1,2,17,0,-1,0,0,0,12,12,0,124,1,4,0,8,0,0,4,NA
2233282,1,"Liga Nacional","Liga Endesa",-402534000,NA,"https://www.acb.com/Documentos/Cabeceras/logo-competicion-1b.png","https://www.acb.com/Documentos/Cabeceras/logo-competicion-4a.png",91,2026,107,NA,NA,6016,105391,NA,NA,TRUE,4463,4463,2729,"Kosner Baskonia","Kosner Baskonia","BKN",4470,3391,"FIATC Girona","FIATC Girona","GIR",1,12,1455,2,5,40,2,5,40,2,2,100,1,2,3,3,1,0,2,0,0,0,2,1,12,0,-1,0,0,0,12,12,0,64,2,2,2,4,0,0,4,NA
2233311,1,"Liga Nacional","Liga Endesa",-402534000,NA,"https://www.acb.com/Documentos/Cabeceras/logo-competicion-1b.png","https://www.acb.com/Documentos/Cabeceras/logo-competicion-4a.png",91,2026,107,NA,NA,6016,105392,NA,NA,FALSE,4467,4468,3389,"UCAM Murcia","UCAM Murcia","UCM",4467,3388,"Barça","Barça","BAR",1,10,855,1,1,100,3,4,75,1,1,100,0,1,1,0,2,2,0,0,0,0,1,3,12,15,-1,0,0,0,10,7,0,57,1,3,0,2,2,0,6,NA
2233310,1,"Liga Nacional","Liga Endesa",-402534000,NA,"https://www.acb.com/Documentos/Cabeceras/logo-competicion-1b.png","https://www.acb.com/Documentos/Cabeceras/logo-competicion-4a.png",91,2026,107,NA,NA,6016,105392,NA,NA,TRUE,4468,4468,3389,"UCAM Murcia","UCAM Murcia","UCM",4467,3388,"Barça","Barça","BAR",1,7,855,0,2,0,3,3,100,1,2,50,0,2,2,2,2,2,0,0,0,0,3,1,6,-15,-1,0,0,0,7,10,0,87,0,3,2,4,0,0,3,NA
2234427,1,"Liga Nacional","Liga Endesa",-402534000,NA,"https://www.acb.com/Documentos/Cabeceras/logo-competicion-1b.png","https://www.acb.com/Documentos/Cabeceras/logo-competicion-4a.png",91,2026,107,NA,NA,6017,105393,NA,NA,FALSE,4474,4480,3401,"Leyma Coruña","Leyma Coruña","COR",4474,3395,"Casademont Zaragoza","Casademont Zgz","CAZ",1,92,12000,15,22,68,18,35,51,11,20,55,27,10,37,17,4,17,0,3,4,2,19,23,103,105,-1,0,13,0,92,71,1,1934,1,32,3,30,6,49,11,NA
2234426,1,"Liga Nacional","Liga Endesa",-402534000,NA,"https://www.acb.com/Documentos/Cabeceras/logo-competicion-1b.png","https://www.acb.com/Documentos/Cabeceras/logo-competicion-4a.png",91,2026,107,NA,NA,6017,105393,NA,NA,TRUE,4480,4480,3401,"Leyma Coruña","Leyma Coruña","COR",4474,3395,"Casademont Zaragoza","Casademont Zgz","CAZ",1,71,12000,7,39,17,22,39,56,6,11,54,18,18,36,12,8,9,5,4,3,2,23,18,60,-105,-1,13,0,0,71,92,4,358,0,4,2,44,10,40,10,NA
2234571,1,"Liga Nacional","Liga Endesa",-402534000,NA,"https://www.acb.com/Documentos/Cabeceras/logo-competicion-1b.png","https://www.acb.com/Documentos/Cabeceras/logo-competicion-4a.png",91,2026,107,NA,NA,6017,105394,NA,NA,FALSE,4466,4477,3398,"Unicaja","Unicaja","UNI",4466,3387,"MoraBanc Andorra","MoraBanc And","MBA",1,33,5510,2,10,20,13,26,50,1,2,50,5,9,14,3,3,4,6,1,1,1,9,9,27,-70,-1,0,0,0,33,47,2,14,0,2,2,22,6,17,6,NA
2234570,1,"Liga Nacional","Liga Endesa",-402534000,NA,"https://www.acb.com/Documentos/Cabeceras/logo-competicion-1b.png","https://www.acb.com/Documentos/Cabeceras/logo-competicion-4a.png",91,2026,107,NA,NA,6017,105394,NA,NA,TRUE,4477,4477,3398,"Unicaja","Unicaja","UNI",4466,3387,"MoraBanc Andorra","MoraBanc And","MBA",1,47,5510,7,14,50,11,14,78,4,6,66,10,6,16,6,3,6,4,1,1,1,9,9,54,70,-1,0,0,0,47,33,0,1044,1,18,2,18,8,11,7,NA
2234683,1,"Liga Nacional","Liga Endesa",-402534000,NA,"https://www.acb.com/Documentos/Cabeceras/logo-competicion-1b.png","https://www.acb.com/Documentos/Cabeceras/logo-competicion-4a.png",91,2026,107,NA,NA,6017,105395,NA,NA,FALSE,4470,4464,3385,"Río Breogán","Río Breogán","BRE",4470,3391,"FIATC Girona","FIATC Girona","GIR",1,92,12000,11,28,39,23,47,48,13,17,76,15,19,34,18,9,21,25,5,3,1,19,20,90,-115,-1,13,0,0,92,115,4,0,0,0,8,46,6,48,8,NA
2234682,1,"Liga Nacional","Liga Endesa",-402534000,NA,"https://www.acb.com/Documentos/Cabeceras/logo-competicion-1b.png","https://www.acb.com/Documentos/Cabeceras/logo-competicion-4a.png",91,2026,107,NA,NA,6017,105395,NA,NA,TRUE,4464,4464,3385,"Río Breogán","Río Breogán","BRE",4470,3391,"FIATC Girona","FIATC Girona","GIR",1,115,12000,16,35,45,28,40,70,11,17,64,23,17,40,26,17,18,14,4,3,2,20,19,143,115,-1,0,13,0,115,92,0,2374,0,27,9,50,14,65,13,NA
