"id","id_edition","year","id_phase","num_matchweek","descriptor"
715,40,1975,107,1,"Jornada 1"
716,40,1975,107,2,"Jornada 2"
717,40,1975,107,3,"Jornada 3"
718,40,1975,107,4,"Jornada 4"
719,40,1975,107,5,"Jornada 5"
720,40,1975,107,6,"Jornada 6"
721,40,1975,107,7,"Jornada 7"
722,40,1975,107,8,"Jornada 8"
723,40,1975,107,9,"Jornada 9"
724,40,1975,107,10,"Jornada 10"
725,40,1975,107,11,"Jornada 11"
726,40,1975,107,12,"Jornada 12"
727,40,1975,107,13,"Jornada 13"
728,40,1975,107,14,"Jornada 14"
729,40,1975,107,15,"Jornada 15"
730,40,1975,107,16,"Jornada 16"
731,40,1975,107,17,"Jornada 17"
732,40,1975,107,18,"Jornada 18"
733,40,1975,107,19,"Jornada 19"
734,40,1975,107,20,"Jornada 20"
735,40,1975,107,21,"Jornada 21"
736,40,1975,107,22,"Jornada 22"
737,40,1975,107,23,"Jornada 23"
738,40,1975,107,24,"Jornada 24"
739,40,1975,107,25,"Jornada 25"
740,40,1975,107,26,"Jornada 26"
741,40,1975,107,27,"Jornada 27"
742,40,1975,107,28,"Jornada 28"
743,40,1975,107,29,"Jornada 29"
744,40,1975,107,30,"Jornada 30"
745,40,1975,107,31,"Jornada 31"
746,40,1975,107,32,"Jornada 32"
747,41,1976,107,1,"Jornada 1"
748,41,1976,107,2,"Jornada 2"
749,41,1976,107,3,"Jornada 3"
750,41,1976,107,4,"Jornada 4"
751,41,1976,107,5,"Jornada 5"
752,41,1976,107,6,"Jornada 6"
753,41,1976,107,7,"Jornada 7"
754,41,1976,107,8,"Jornada 8"
755,41,1976,107,9,"Jornada 9"
756,41,1976,107,10,"Jornada 10"
757,41,1976,107,11,"Jornada 11"
758,41,1976,107,12,"Jornada 12"
759,41,1976,107,13,"Jornada 13"
760,41,1976,107,14,"Jornada 14"
761,41,1976,107,15,"Jornada 15"
762,41,1976,107,16,"Jornada 16"
763,41,1976,107,17,"Jornada 17"
764,41,1976,107,18,"Jornada 18"
765,41,1976,107,19,"Jornada 19"
766,41,1976,107,20,"Jornada 20"
767,41,1976,107,21,"Jornada 21"
768,41,1976,107,22,"Jornada 22"
769,42,1977,107,1,"Jornada 1"
770,42,1977,107,2,"Jornada 2"
771,42,1977,107,3,"Jornada 3"
772,42,1977,107,4,"Jornada 4"
773,42,1977,107,5,"Jornada 5"
774,42,1977,107,6,"Jornada 6"
775,42,1977,107,7,"Jornada 7"
776,42,1977,107,8,"Jornada 8"
777,42,1977,107,9,"Jornada 9"
778,42,1977,107,10,"Jornada 10"
779,42,1977,107,11,"Jornada 11"
780,42,1977,107,12,"Jornada 12"
781,42,1977,107,13,"Jornada 13"
782,42,1977,107,14,"Jornada 14"
783,42,1977,107,15,"Jornada 15"
784,42,1977,107,16,"Jornada 16"
785,42,1977,107,17,"Jornada 17"
786,42,1977,107,18,"Jornada 18"
787,42,1977,107,19,"Jornada 19"
788,42,1977,107,20,"Jornada 20"
789,42,1977,107,21,"Jornada 21"
790,42,1977,107,22,"Jornada 22"
791,43,1978,107,1,"Jornada 1"
792,43,1978,107,2,"Jornada 2"
793,43,1978,107,3,"Jornada 3"
794,43,1978,107,4,"Jornada 4"
795,43,1978,107,5,"Jornada 5"
796,43,1978,107,6,"Jornada 6"
797,43,1978,107,7,"Jornada 7"
798,43,1978,107,8,"Jornada 8"
799,43,1978,107,9,"Jornada 9"
800,43,1978,107,10,"Jornada 10"
801,43,1978,107,11,"Jornada 11"
802,43,1978,107,12,"Jornada 12"
803,43,1978,107,13,"Jornada 13"
804,43,1978,107,14,"Jornada 14"
805,43,1978,107,15,"Jornada 15"
806,43,1978,107,16,"Jornada 16"
807,43,1978,107,17,"Jornada 17"
808,43,1978,107,18,"Jornada 18"
809,43,1978,107,19,"Jornada 19"
810,43,1978,107,20,"Jornada 20"
811,43,1978,107,21,"Jornada 21"
812,43,1978,107,22,"Jornada 22"
813,44,1979,107,1,"Jornada 1"
814,44,1979,107,2,"Jornada 2"
815,44,1979,107,3,"Jornada 3"
816,44,1979,107,4,"Jornada 4"
817,44,1979,107,5,"Jornada 5"
818,44,1979,107,6,"Jornada 6"
819,44,1979,107,7,"Jornada 7"
820,44,1979,107,8,"Jornada 8"
821,44,1979,107,9,"Jornada 9"
822,44,1979,107,10,"Jornada 10"
823,44,1979,107,11,"Jornada 11"
824,44,1979,107,12,"Jornada 12"
825,44,1979,107,13,"Jornada 13"
826,44,1979,107,14,"Jornada 14"
827,44,1979,107,15,"Jornada 15"
828,44,1979,107,16,"Jornada 16"
829,44,1979,107,17,"Jornada 17"
830,44,1979,107,18,"Jornada 18"
831,44,1979,107,19,"Jornada 19"
832,44,1979,107,20,"Jornada 20"
833,44,1979,107,21,"Jornada 21"
834,44,1979,107,22,"Jornada 22"
835,45,1980,107,1,"Jornada 1"
836,45,1980,107,2,"Jornada 2"
837,45,1980,107,3,"Jornada 3"
838,45,1980,107,4,"Jornada 4"
839,45,1980,107,5,"Jornada 5"
840,45,1980,107,6,"Jornada 6"
841,45,1980,107,7,"Jornada 7"
842,45,1980,107,8,"Jornada 8"
843,45,1980,107,9,"Jornada 9"
844,45,1980,107,10,"Jornada 10"
845,45,1980,107,11,"Jornada 11"
846,45,1980,107,12,"Jornada 12"
847,45,1980,107,13,"Jornada 13"
848,45,1980,107,14,"Jornada 14"
849,45,1980,107,15,"Jornada 15"
850,45,1980,107,16,"Jornada 16"
851,45,1980,107,17,"Jornada 17"
852,45,1980,107,18,"Jornada 18"
853,45,1980,107,19,"Jornada 19"
854,45,1980,107,20,"Jornada 20"
855,45,1980,107,21,"Jornada 21"
856,45,1980,107,22,"Jornada 22"
857,45,1980,107,23,"Jornada 23"
858,45,1980,107,24,"Jornada 24"
859,45,1980,107,25,"Jornada 25"
860,45,1980,107,26,"Jornada 26"
861,46,1981,107,1,"Jornada 1"
862,46,1981,107,2,"Jornada 2"
863,46,1981,107,3,"Jornada 3"
864,46,1981,107,4,"Jornada 4"
865,46,1981,107,5,"Jornada 5"
866,46,1981,107,6,"Jornada 6"
867,46,1981,107,7,"Jornada 7"
868,46,1981,107,8,"Jornada 8"
869,46,1981,107,9,"Jornada 9"
870,46,1981,107,10,"Jornada 10"
871,46,1981,107,11,"Jornada 11"
872,46,1981,107,12,"Jornada 12"
873,46,1981,107,13,"Jornada 13"
874,46,1981,107,14,"Jornada 14"
875,46,1981,107,15,"Jornada 15"
876,46,1981,107,16,"Jornada 16"
877,46,1981,107,17,"Jornada 17"
878,46,1981,107,18,"Jornada 18"
879,46,1981,107,19,"Jornada 19"
880,46,1981,107,20,"Jornada 20"
881,46,1981,107,21,"Jornada 21"
882,46,1981,107,22,"Jornada 22"
883,46,1981,107,23,"Jornada 23"
884,46,1981,107,24,"Jornada 24"
885,46,1981,107,25,"Jornada 25"
886,46,1981,107,26,"Jornada 26"
887,47,1982,107,1,"Jornada 1"
888,47,1982,107,2,"Jornada 2"
889,47,1982,107,3,"Jornada 3"
890,47,1982,107,4,"Jornada 4"
891,47,1982,107,5,"Jornada 5"
892,47,1982,107,6,"Jornada 6"
893,47,1982,107,7,"Jornada 7"
894,47,1982,107,8,"Jornada 8"
895,47,1982,107,9,"Jornada 9"
896,47,1982,107,10,"Jornada 10"
897,47,1982,107,11,"Jornada 11"
898,47,1982,107,12,"Jornada 12"
899,47,1982,107,13,"Jornada 13"
900,47,1982,107,14,"Jornada 14"
901,47,1982,107,15,"Jornada 15"
902,47,1982,107,16,"Jornada 16"
903,47,1982,107,17,"Jornada 17"
904,47,1982,107,18,"Jornada 18"
905,47,1982,107,19,"Jornada 19"
906,47,1982,107,20,"Jornada 20"
907,47,1982,107,21,"Jornada 21"
908,47,1982,107,22,"Jornada 22"
909,47,1982,107,23,"Jornada 23"
910,47,1982,107,24,"Jornada 24"
911,47,1982,107,25,"Jornada 25"
912,47,1982,107,26,"Jornada 26"
913,47,1982,111,27,"Final"
914,48,1983,107,1,"Jornada 1"
915,48,1983,107,2,"Jornada 2"
916,48,1983,107,3,"Jornada 3"
917,48,1983,107,4,"Jornada 4"
918,48,1983,107,5,"Jornada 5"
919,48,1983,107,6,"Jornada 6"
920,48,1983,107,7,"Jornada 7"
921,48,1983,107,8,"Jornada 8"
922,48,1983,107,9,"Jornada 9"
923,48,1983,107,10,"Jornada 10"
924,48,1983,107,11,"Jornada 11"
925,48,1983,107,12,"Jornada 12"
926,48,1983,107,13,"Jornada 13"
927,48,1983,107,14,"Jornada 14"
928,48,1983,107,15,"Jornada 15"
929,48,1983,107,16,"Jornada 16"
930,48,1983,107,17,"Jornada 17"
931,48,1983,107,18,"Jornada 18"
932,48,1983,107,19,"Jornada 19"
933,48,1983,107,20,"Jornada 20"
934,48,1983,107,21,"Jornada 21"
935,48,1983,107,22,"Jornada 22"
936,48,1983,107,23,"Jornada 23"
937,48,1983,107,24,"Jornada 24"
938,48,1983,107,25,"Jornada 25"
939,48,1983,107,26,"Jornada 26"
940,48,1983,107,27,"Jornada 27"
941,48,1983,107,28,"Jornada 28"
942,48,1983,111,29,"Jornada 29"
943,48,1983,110,30,"Jornada 30"
944,48,1983,111,31,"Jornada 31"
945,48,1983,110,32,"Jornada 32"
946,48,1983,111,33,"Jornada 33"
947,48,1983,110,34,"Jornada 34"
948,48,1983,111,35,"Jornada 35"
949,48,1983,111,36,"Jornada 36"
950,48,1983,111,37,"Jornada 37"
951,48,1983,111,38,"Jornada 38"
952,48,1983,111,39,"Jornada 39"
953,48,1983,NA,40,"Jornada 40"
954,49,1984,107,1,"Jornada 1"
955,49,1984,107,2,"Jornada 2"
956,49,1984,107,3,"Jornada 3"
957,49,1984,107,4,"Jornada 4"
958,49,1984,107,5,"Jornada 5"
959,49,1984,107,6,"Jornada 6"
960,49,1984,107,7,"Jornada 7"
961,49,1984,107,8,"Jornada 8"
962,49,1984,107,9,"Jornada 9"
963,49,1984,107,10,"Jornada 10"
964,49,1984,107,11,"Jornada 11"
965,49,1984,107,12,"Jornada 12"
966,49,1984,107,13,"Jornada 13"
967,49,1984,107,14,"Jornada 14"
968,49,1984,107,15,"Jornada 15"
969,49,1984,107,16,"Jornada 16"
970,49,1984,107,17,"Jornada 17"
971,49,1984,107,18,"Jornada 18"
972,49,1984,107,19,"Jornada 19"
973,49,1984,107,20,"Jornada 20"
974,49,1984,107,21,"Jornada 21"
975,49,1984,107,22,"Jornada 22"
976,49,1984,107,23,"Jornada 23"
977,49,1984,107,24,"Jornada 24"
978,49,1984,107,25,"Jornada 25"
979,49,1984,107,26,"Jornada 26"
980,49,1984,107,27,"Jornada 27"
981,49,1984,107,28,"Jornada 28"
982,49,1984,110,29,"Jornada 29"
983,49,1984,111,30,"Jornada 30"
984,49,1984,110,31,"Jornada 31"
985,49,1984,111,32,"Jornada 32"
986,49,1984,110,33,"Jornada 33"
987,49,1984,111,34,"Jornada 34"
988,49,1984,111,35,"Jornada 35"
989,49,1984,111,36,"Jornada 36"
990,49,1984,111,37,"Jornada 37"
991,49,1984,111,38,"Jornada 38"
992,49,1984,111,39,"Jornada 39"
993,49,1984,111,40,"Jornada 40"
994,50,1985,107,1,"Jornada 1"
995,50,1985,107,2,"Jornada 2"
996,50,1985,107,3,"Jornada 3"
997,50,1985,107,4,"Jornada 4"
998,50,1985,107,5,"Jornada 5"
999,50,1985,107,6,"Jornada 6"
1000,50,1985,107,7,"Jornada 7"
1001,50,1985,107,8,"Jornada 8"
1002,50,1985,107,9,"Jornada 9"
1003,50,1985,107,10,"Jornada 10"
1004,50,1985,107,11,"Jornada 11"
1005,50,1985,107,12,"Jornada 12"
1006,50,1985,107,13,"Jornada 13"
1007,50,1985,107,14,"Jornada 14"
1008,50,1985,107,15,"Jornada 15"
1009,50,1985,107,16,"Jornada 16"
1010,50,1985,107,17,"Jornada 17"
1011,50,1985,107,18,"Jornada 18"
1012,50,1985,107,19,"Jornada 19"
1013,50,1985,107,20,"Jornada 20"
1014,50,1985,107,21,"Jornada 21"
1015,50,1985,107,22,"Jornada 22"
1016,50,1985,107,23,"Jornada 23"
1017,50,1985,107,24,"Jornada 24"
1018,50,1985,107,25,"Jornada 25"
1019,50,1985,107,26,"Jornada 26"
1020,50,1985,107,27,"Jornada 27"
1021,50,1985,107,28,"Jornada 28"
1022,50,1985,111,29,"Jornada 29"
1023,50,1985,111,30,"Jornada 30"
1024,50,1985,111,31,"Jornada 31"
1025,50,1985,111,32,"Jornada 32"
1026,50,1985,110,33,"Jornada 33"
1027,50,1985,111,34,"Jornada 34"
1028,50,1985,110,35,"Jornada 35"
1029,50,1985,110,36,"Jornada 36"
1030,50,1985,111,37,"Jornada 37"
1031,50,1985,111,38,"Jornada 38"
1032,50,1985,111,39,"Jornada 39"
1033,50,1985,111,40,"Jornada 40"
1034,51,1986,107,1,"Jornada 1"
1035,51,1986,107,2,"Jornada 2"
1036,51,1986,107,3,"Jornada 3"
1037,51,1986,107,4,"Jornada 4"
1038,51,1986,107,5,"Jornada 5"
1039,51,1986,107,6,"Jornada 6"
1040,51,1986,107,7,"Jornada 7"
1041,51,1986,107,8,"Jornada 8"
1042,51,1986,107,9,"Jornada 9"
1043,51,1986,107,10,"Jornada 10"
1044,51,1986,107,11,"Jornada 11"
1045,51,1986,107,12,"Jornada 12"
1046,51,1986,107,13,"Jornada 13"
1047,51,1986,107,14,"Jornada 14"
1048,51,1986,107,15,"Jornada 15"
1049,51,1986,107,16,"Jornada 16"
1050,51,1986,107,17,"Jornada 17"
1051,51,1986,107,18,"Jornada 18"
1052,51,1986,107,19,"Jornada 19"
1053,51,1986,107,20,"Jornada 20"
1054,51,1986,107,21,"Jornada 21"
1055,51,1986,107,22,"Jornada 22"
1056,51,1986,107,23,"Jornada 23"
1057,51,1986,107,24,"Jornada 24"
1058,51,1986,107,25,"Jornada 25"
1059,51,1986,107,26,"Jornada 26"
1060,51,1986,107,27,"Jornada 27"
1061,51,1986,107,28,"Jornada 28"
1062,51,1986,111,29,"Jornada 29"
1063,51,1986,111,30,"Jornada 30"
1064,51,1986,110,31,"Jornada 31"
1065,51,1986,111,32,"Jornada 32"
1066,51,1986,111,33,"Jornada 33"
1067,51,1986,110,34,"Jornada 34"
1068,51,1986,111,35,"Jornada 35"
1069,51,1986,111,36,"Jornada 36"
1070,51,1986,111,37,"Jornada 37"
1071,51,1986,111,38,"Jornada 38"
1072,51,1986,111,39,"Jornada 39"
1073,51,1986,111,40,"Jornada 40"
1074,51,1986,111,41,"Jornada 41"
1075,51,1986,111,42,"Jornada 42"
1076,52,1987,107,1,"Jornada 1"
1077,52,1987,107,2,"Jornada 2"
1078,52,1987,107,3,"Jornada 3"
1079,52,1987,107,4,"Jornada 4"
1080,52,1987,107,5,"Jornada 5"
1081,52,1987,107,6,"Jornada 6"
1082,52,1987,107,7,"Jornada 7"
1083,52,1987,107,8,"Jornada 8"
1084,52,1987,107,9,"Jornada 9"
1085,52,1987,107,10,"Jornada 10"
1086,52,1987,107,11,"Jornada 11"
1087,52,1987,107,12,"Jornada 12"
1088,52,1987,107,13,"Jornada 13"
1089,52,1987,107,14,"Jornada 14"
1090,52,1987,107,15,"Jornada 15"
1091,52,1987,107,16,"Jornada 16"
1092,52,1987,107,17,"Jornada 17"
1093,52,1987,107,18,"Jornada 18"
1094,52,1987,107,19,"Jornada 19"
1095,52,1987,107,20,"Jornada 20"
1096,52,1987,107,21,"Jornada 21"
1097,52,1987,107,22,"Jornada 22"
1098,52,1987,107,23,"Jornada 23"
1099,52,1987,107,24,"Jornada 24"
1100,52,1987,107,25,"Jornada 25"
1101,52,1987,107,26,"Jornada 26"
1102,52,1987,107,27,"Jornada 27"
1103,52,1987,107,28,"Jornada 28"
1104,52,1987,111,29,"Jornada 29"
1105,52,1987,110,30,"Jornada 30"
1106,52,1987,110,31,"Jornada 31"
1107,52,1987,111,32,"Jornada 32"
1108,52,1987,110,33,"Jornada 33"
1109,52,1987,111,34,"Jornada 34"
1110,52,1987,110,35,"Jornada 35"
1111,52,1987,111,36,"Jornada 36"
1112,52,1987,111,37,"Jornada 37"
1113,52,1987,111,38,"Jornada 38"
1114,52,1987,111,39,"Jornada 39"
1115,52,1987,111,40,"Jornada 40"
1116,52,1987,111,41,"Jornada 41"
1117,52,1987,111,42,"Jornada 42"
1118,52,1987,111,43,"Jornada 43"
1119,52,1987,111,44,"Jornada 44"
1120,52,1987,111,45,"Jornada 45"
1121,53,1988,107,1,"Jornada 1"
1122,53,1988,107,2,"Jornada 2"
1123,53,1988,107,3,"Jornada 3"
1124,53,1988,107,4,"Jornada 4"
1125,53,1988,107,5,"Jornada 5"
1126,53,1988,107,6,"Jornada 6"
1127,53,1988,107,7,"Jornada 7"
1128,53,1988,107,8,"Jornada 8"
1129,53,1988,107,9,"Jornada 9"
1130,53,1988,107,10,"Jornada 10"
1131,53,1988,107,11,"Jornada 11"
1132,53,1988,107,12,"Jornada 12"
1133,53,1988,107,13,"Jornada 13"
1134,53,1988,107,14,"Jornada 14"
1135,53,1988,107,15,"Jornada 15"
1136,53,1988,107,16,"Jornada 16"
1137,53,1988,107,17,"Jornada 17"
1138,53,1988,107,18,"Jornada 18"
1139,53,1988,107,19,"Jornada 19"
1140,53,1988,107,20,"Jornada 20"
1141,53,1988,107,21,"Jornada 21"
1142,53,1988,107,22,"Jornada 22"
1143,53,1988,107,23,"Jornada 23"
1144,53,1988,107,24,"Jornada 24"
1145,53,1988,107,25,"Jornada 25"
1146,53,1988,107,26,"Jornada 26"
1147,53,1988,107,27,"Jornada 27"
1148,53,1988,107,28,"Jornada 28"
1149,53,1988,107,29,"Jornada 29"
1150,53,1988,107,30,"Jornada 30"
1151,53,1988,107,31,"Jornada 31"
1152,53,1988,107,32,"Jornada 32"
1153,53,1988,107,33,"Jornada 33"
1154,53,1988,107,34,"Jornada 34"
1155,53,1988,107,35,"Jornada 35"
1156,53,1988,107,36,"Jornada 36"
1157,53,1988,111,37,"Jornada 37"
1158,53,1988,111,38,"Jornada 38"
1159,53,1988,111,39,"Jornada 39"
1160,53,1988,108,40,"Jornada 40"
1161,53,1988,111,41,"Jornada 41"
1162,53,1988,108,42,"Jornada 42"
1163,53,1988,111,43,"Jornada 43"
1164,53,1988,108,44,"Jornada 44"
1165,53,1988,111,45,"Jornada 45"
1166,53,1988,110,46,"Jornada 46"
1167,53,1988,111,48,"Jornada 48"
1168,53,1988,111,49,"Jornada 49"
1169,53,1988,110,50,"Jornada 50"
1170,53,1988,110,51,"Jornada 51"
1171,53,1988,110,52,"Jornada 52"
1172,53,1988,110,53,"Jornada 53"
1173,53,1988,110,54,"Jornada 54"
1174,54,1989,107,1,"Jornada 1"
1175,54,1989,107,2,"Jornada 2"
1176,54,1989,107,3,"Jornada 3"
1177,54,1989,107,4,"Jornada 4"
1178,54,1989,107,5,"Jornada 5"
1179,54,1989,107,6,"Jornada 6"
1180,54,1989,107,7,"Jornada 7"
1181,54,1989,107,8,"Jornada 8"
1182,54,1989,107,9,"Jornada 9"
1183,54,1989,107,10,"Jornada 10"
1184,54,1989,107,11,"Jornada 11"
1185,54,1989,107,12,"Jornada 12"
1186,54,1989,107,13,"Jornada 13"
1187,54,1989,107,14,"Jornada 14"
1188,54,1989,107,15,"Jornada 15"
1189,54,1989,107,16,"Jornada 16"
1190,54,1989,107,17,"Jornada 17"
1191,54,1989,107,18,"Jornada 18"
1192,54,1989,107,19,"Jornada 19"
1193,54,1989,107,20,"Jornada 20"
1194,54,1989,107,21,"Jornada 21"
1195,54,1989,107,22,"Jornada 22"
1196,54,1989,107,23,"Jornada 23"
1197,54,1989,107,24,"Jornada 24"
1198,54,1989,107,25,"Jornada 25"
1199,54,1989,107,26,"Jornada 26"
1200,54,1989,107,27,"Jornada 27"
1201,54,1989,107,28,"Jornada 28"
1202,54,1989,107,29,"Jornada 29"
1203,54,1989,107,30,"Jornada 30"
1204,54,1989,107,31,"Jornada 31"
1205,54,1989,107,32,"Jornada 32"
1206,54,1989,107,33,"Jornada 33"
1207,54,1989,107,34,"Jornada 34"
1208,54,1989,107,35,"Jornada 35"
1209,54,1989,107,36,"Jornada 36"
1210,54,1989,111,37,"Jornada 37"
1211,54,1989,108,38,"Jornada 38"
1212,54,1989,108,39,"Jornada 39"
1213,54,1989,111,40,"Jornada 40"
1214,54,1989,110,41,"Jornada 41"
1215,54,1989,111,42,"Jornada 42"
1216,54,1989,110,43,"Jornada 43"
1217,54,1989,110,44,"Jornada 44"
1218,54,1989,110,45,"Jornada 45"
1219,54,1989,111,46,"Jornada 46"
1220,54,1989,111,47,"Jornada 47"
1221,55,1990,107,1,"Jornada 1"
1222,55,1990,107,2,"Jornada 2"
1223,55,1990,107,3,"Jornada 3"
1224,55,1990,107,4,"Jornada 4"
1225,55,1990,107,5,"Jornada 5"
1226,55,1990,107,6,"Jornada 6"
1227,55,1990,107,7,"Jornada 7"
1228,55,1990,107,8,"Jornada 8"
1229,55,1990,107,9,"Jornada 9"
1230,55,1990,107,10,"Jornada 10"
1231,55,1990,107,11,"Jornada 11"
1232,55,1990,107,12,"Jornada 12"
1233,55,1990,107,13,"Jornada 13"
1234,55,1990,107,14,"Jornada 14"
1235,55,1990,107,15,"Jornada 15"
1236,55,1990,107,16,"Jornada 16"
1237,55,1990,107,17,"Jornada 17"
1238,55,1990,107,18,"Jornada 18"
1239,55,1990,107,19,"Jornada 19"
1240,55,1990,107,20,"Jornada 20"
1241,55,1990,107,21,"Jornada 21"
1242,55,1990,107,22,"Jornada 22"
1243,55,1990,107,23,"Jornada 23"
1244,55,1990,107,24,"Jornada 24"
1245,55,1990,107,25,"Jornada 25"
1246,55,1990,107,26,"Jornada 26"
1247,55,1990,107,27,"Jornada 27"
1248,55,1990,107,28,"Jornada 28"
1249,55,1990,107,29,"Jornada 29"
1250,55,1990,107,30,"Jornada 30"
1251,55,1990,107,31,"Jornada 31"
1252,55,1990,107,32,"Jornada 32"
1253,55,1990,107,33,"Jornada 33"
1254,55,1990,107,34,"Jornada 34"
1255,55,1990,111,35,"Jornada 35"
1256,55,1990,111,36,"Jornada 36"
1257,55,1990,110,37,"Jornada 37"
1258,55,1990,111,38,"Jornada 38"
1259,55,1990,111,39,"Jornada 39"
1260,55,1990,111,40,"Jornada 40"
1261,55,1990,110,41,"Jornada 41"
1262,55,1990,109,42,"Jornada 42"
1263,55,1990,110,43,"Jornada 43"
1264,55,1990,111,44,"Jornada 44"
1265,55,1990,109,45,"Jornada 45"
1266,55,1990,109,46,"Jornada 46"
1267,55,1990,111,47,"Jornada 47"
1268,55,1990,111,48,"Jornada 48"
1269,55,1990,109,49,"Jornada 49"
1270,56,1991,107,1,"Jornada 1"
1271,56,1991,107,2,"Jornada 2"
1272,56,1991,107,3,"Jornada 3"
1273,56,1991,107,4,"Jornada 4"
1274,56,1991,107,5,"Jornada 5"
1275,56,1991,107,6,"Jornada 6"
1276,56,1991,107,7,"Jornada 7"
1277,56,1991,107,8,"Jornada 8"
1278,56,1991,107,9,"Jornada 9"
1279,56,1991,107,10,"Jornada 10"
1280,56,1991,107,11,"Jornada 11"
1281,56,1991,107,12,"Jornada 12"
1282,56,1991,107,13,"Jornada 13"
1283,56,1991,107,14,"Jornada 14"
1284,56,1991,107,15,"Jornada 15"
1285,56,1991,107,16,"Jornada 16"
1286,56,1991,107,17,"Jornada 17"
1287,56,1991,107,18,"Jornada 18"
1288,56,1991,107,19,"Jornada 19"
1289,56,1991,107,20,"Jornada 20"
1290,56,1991,107,21,"Jornada 21"
1291,56,1991,107,22,"Jornada 22"
1292,56,1991,107,23,"Jornada 23"
1293,56,1991,107,24,"Jornada 24"
1294,56,1991,107,25,"Jornada 25"
1295,56,1991,107,26,"Jornada 26"
1296,56,1991,107,27,"Jornada 27"
1297,56,1991,107,28,"Jornada 28"
1298,56,1991,107,29,"Jornada 29"
1299,56,1991,107,30,"Jornada 30"
1300,56,1991,107,31,"Jornada 31"
1301,56,1991,107,32,"Jornada 32"
1302,56,1991,107,33,"Jornada 33"
1303,56,1991,107,34,"Jornada 34"
1304,56,1991,111,35,"Jornada 35"
1305,56,1991,111,36,"Jornada 36"
1306,56,1991,111,37,"Jornada 37"
1307,56,1991,110,38,"Jornada 38"
1308,56,1991,111,39,"Jornada 39"
1309,56,1991,110,40,"Jornada 40"
1310,56,1991,109,41,"Jornada 41"
1311,56,1991,109,42,"Jornada 42"
1312,56,1991,109,43,"Jornada 43"
1313,56,1991,111,44,"Jornada 44"
1314,56,1991,109,45,"Jornada 45"
1315,56,1991,109,46,"Jornada 46"
1316,56,1991,111,47,"Jornada 47"
1317,56,1991,111,48,"Jornada 48"
1318,56,1991,109,49,"Jornada 49"
1319,56,1991,111,50,"Jornada 50"
1320,56,1991,111,51,"Jornada 51"
1321,57,1992,107,1,"Jornada 1"
1322,57,1992,107,2,"Jornada 2"
1323,57,1992,107,3,"Jornada 3"
1324,57,1992,107,4,"Jornada 4"
1325,57,1992,107,5,"Jornada 5"
1326,57,1992,107,6,"Jornada 6"
1327,57,1992,107,7,"Jornada 7"
1328,57,1992,107,8,"Jornada 8"
1329,57,1992,107,9,"Jornada 9"
1330,57,1992,107,10,"Jornada 10"
1331,57,1992,107,11,"Jornada 11"
1332,57,1992,107,12,"Jornada 12"
1333,57,1992,107,13,"Jornada 13"
1334,57,1992,107,14,"Jornada 14"
1335,57,1992,107,15,"Jornada 15"
1336,57,1992,107,16,"Jornada 16"
1337,57,1992,107,17,"Jornada 17"
1338,57,1992,107,18,"Jornada 18"
1339,57,1992,107,19,"Jornada 19"
1340,57,1992,107,20,"Jornada 20"
1341,57,1992,107,21,"Jornada 21"
1342,57,1992,107,22,"Jornada 22"
1343,57,1992,107,23,"Jornada 23"
1344,57,1992,107,24,"Jornada 24"
1345,57,1992,107,25,"Jornada 25"
1346,57,1992,107,26,"Jornada 26"
1347,57,1992,107,27,"Jornada 27"
1348,57,1992,107,28,"Jornada 28"
1349,57,1992,107,29,"Jornada 29"
1350,57,1992,107,30,"Jornada 30"
1351,57,1992,107,31,"Jornada 31"
1352,57,1992,111,32,"Jornada 32"
1353,57,1992,111,33,"Jornada 33"
1354,57,1992,110,34,"Jornada 34"
1355,57,1992,110,35,"Jornada 35"
1356,57,1992,111,36,"Jornada 36"
1357,57,1992,111,37,"Jornada 37"
1358,57,1992,111,38,"Jornada 38"
1359,57,1992,111,39,"Jornada 39"
1360,57,1992,111,40,"Jornada 40"
1361,57,1992,111,41,"Jornada 41"
1362,57,1992,111,42,"Jornada 42"
1363,57,1992,111,43,"Jornada 43"
1364,57,1992,111,44,"Jornada 44"
1365,57,1992,111,45,"Jornada 45"
1366,57,1992,111,46,"Jornada 46"
1367,57,1992,111,47,"Jornada 47"
1368,57,1992,111,48,"Jornada 48"
1369,58,1993,107,1,"Jornada 1"
1370,58,1993,107,2,"Jornada 2"
1371,58,1993,107,3,"Jornada 3"
1372,58,1993,107,4,"Jornada 4"
1373,58,1993,107,5,"Jornada 5"
1374,58,1993,107,6,"Jornada 6"
1375,58,1993,107,7,"Jornada 7"
1376,58,1993,107,8,"Jornada 8"
1377,58,1993,107,9,"Jornada 9"
1378,58,1993,107,10,"Jornada 10"
1379,58,1993,107,11,"Jornada 11"
1380,58,1993,107,12,"Jornada 12"
1381,58,1993,107,13,"Jornada 13"
1382,58,1993,107,14,"Jornada 14"
1383,58,1993,107,15,"Jornada 15"
1384,58,1993,107,16,"Jornada 16"
1385,58,1993,107,17,"Jornada 17"
1386,58,1993,107,18,"Jornada 18"
1387,58,1993,107,19,"Jornada 19"
1388,58,1993,107,20,"Jornada 20"
1389,58,1993,107,21,"Jornada 21"
1390,58,1993,107,22,"Jornada 22"
1391,58,1993,107,23,"Jornada 23"
1392,58,1993,107,24,"Jornada 24"
1393,58,1993,107,25,"Jornada 25"
1394,58,1993,107,26,"Jornada 26"
1395,58,1993,107,27,"Jornada 27"
1396,58,1993,107,28,"Jornada 28"
1397,58,1993,101,29,"Jornada 29"
1398,58,1993,111,31,"Jornada 31"
1399,58,1993,111,32,"Jornada 32"
1400,58,1993,110,33,"Jornada 33"
1401,58,1993,110,34,"Jornada 34"
1402,58,1993,111,35,"Jornada 35"
1403,58,1993,111,36,"Jornada 36"
1404,58,1993,111,37,"Jornada 37"
1405,58,1993,111,38,"Jornada 38"
1406,58,1993,111,39,"Jornada 39"
1407,58,1993,111,40,"Jornada 40"
1408,58,1993,111,41,"Jornada 41"
1409,58,1993,111,42,"Jornada 42"
1410,58,1993,111,43,"Jornada 43"
1411,58,1993,111,44,"Jornada 44"
1412,58,1993,111,45,"Jornada 45"
1413,59,1994,107,1,"Jornada 1"
1414,59,1994,107,2,"Jornada 2"
1415,59,1994,107,3,"Jornada 3"
1416,59,1994,107,4,"Jornada 4"
1417,59,1994,107,5,"Jornada 5"
1418,59,1994,107,6,"Jornada 6"
1419,59,1994,107,7,"Jornada 7"
1420,59,1994,107,8,"Jornada 8"
1421,59,1994,107,9,"Jornada 9"
1422,59,1994,107,10,"Jornada 10"
1423,59,1994,107,11,"Jornada 11"
1424,59,1994,107,12,"Jornada 12"
1425,59,1994,107,13,"Jornada 13"
1426,59,1994,107,14,"Jornada 14"
1427,59,1994,107,15,"Jornada 15"
1428,59,1994,107,16,"Jornada 16"
1429,59,1994,107,17,"Jornada 17"
1430,59,1994,107,18,"Jornada 18"
1431,59,1994,107,19,"Jornada 19"
1432,59,1994,107,20,"Jornada 20"
1433,59,1994,107,21,"Jornada 21"
1434,59,1994,107,22,"Jornada 22"
1435,59,1994,107,23,"Jornada 23"
1436,59,1994,107,24,"Jornada 24"
1437,59,1994,107,25,"Jornada 25"
1438,59,1994,107,26,"Jornada 26"
1439,59,1994,107,27,"Jornada 27"
1440,59,1994,107,28,"Jornada 28"
1441,59,1994,107,29,"Jornada 29"
1442,59,1994,107,30,"Jornada 30"
1443,59,1994,107,31,"Jornada 31"
1444,59,1994,107,32,"Jornada 32"
1445,59,1994,107,33,"Jornada 33"
1446,59,1994,107,34,"Jornada 34"
1447,59,1994,107,35,"Jornada 35"
1448,59,1994,107,36,"Jornada 36"
1449,59,1994,107,37,"Jornada 37"
1450,59,1994,107,38,"Jornada 38"
1451,59,1994,111,39,"Jornada 39"
1452,59,1994,111,40,"Jornada 40"
1453,59,1994,110,41,"Jornada 41"
1454,59,1994,111,42,"Jornada 42"
1455,59,1994,111,43,"Jornada 43"
1456,59,1994,111,44,"Jornada 44"
1457,59,1994,111,45,"Jornada 45"
1458,59,1994,111,46,"Jornada 46"
1459,59,1994,111,47,"Jornada 47"
1460,59,1994,111,48,"Jornada 48"
1461,59,1994,111,49,"Jornada 49"
1462,59,1994,111,50,"Jornada 50"
1463,59,1994,111,51,"Jornada 51"
1464,59,1994,111,52,"Jornada 52"
1465,60,1995,107,1,"Jornada 1"
1466,60,1995,107,2,"Jornada 2"
1467,60,1995,107,3,"Jornada 3"
1468,60,1995,107,4,"Jornada 4"
1469,60,1995,107,5,"Jornada 5"
1470,60,1995,107,6,"Jornada 6"
1471,60,1995,107,7,"Jornada 7"
1472,60,1995,107,8,"Jornada 8"
1473,60,1995,107,9,"Jornada 9"
1474,60,1995,107,10,"Jornada 10"
1475,60,1995,107,11,"Jornada 11"
1476,60,1995,107,12,"Jornada 12"
1477,60,1995,107,13,"Jornada 13"
1478,60,1995,107,14,"Jornada 14"
1479,60,1995,107,15,"Jornada 15"
1480,60,1995,107,16,"Jornada 16"
1481,60,1995,107,17,"Jornada 17"
1482,60,1995,107,18,"Jornada 18"
1483,60,1995,107,19,"Jornada 19"
1484,60,1995,107,20,"Jornada 20"
1485,60,1995,107,21,"Jornada 21"
1486,60,1995,107,22,"Jornada 22"
1487,60,1995,107,23,"Jornada 23"
1488,60,1995,107,24,"Jornada 24"
1489,60,1995,107,25,"Jornada 25"
1490,60,1995,107,26,"Jornada 26"
1491,60,1995,107,27,"Jornada 27"
1492,60,1995,107,28,"Jornada 28"
1493,60,1995,107,29,"Jornada 29"
1494,60,1995,107,30,"Jornada 30"
1495,60,1995,107,31,"Jornada 31"
1496,60,1995,107,32,"Jornada 32"
1497,60,1995,107,33,"Jornada 33"
1498,60,1995,107,34,"Jornada 34"
1499,60,1995,107,35,"Jornada 35"
1500,60,1995,107,36,"Jornada 36"
1501,60,1995,107,37,"Jornada 37"
1502,60,1995,107,38,"Jornada 38"
1503,60,1995,111,39,"Jornada 39"
1504,60,1995,111,40,"Jornada 40"
1505,60,1995,111,41,"Jornada 41"
1506,60,1995,111,42,"Jornada 42"
1507,60,1995,110,43,"Jornada 43"
1508,60,1995,111,44,"Jornada 44"
1509,60,1995,111,45,"Jornada 45"
1510,60,1995,111,46,"Jornada 46"
1511,60,1995,111,47,"Jornada 47"
1512,60,1995,111,48,"Jornada 48"
1513,60,1995,111,49,"Jornada 49"
1514,61,1996,107,1,"Jornada 1"
1515,61,1996,107,2,"Jornada 2"
1516,61,1996,107,3,"Jornada 3"
1517,61,1996,107,4,"Jornada 4"
1518,61,1996,107,5,"Jornada 5"
1519,61,1996,107,6,"Jornada 6"
1520,61,1996,107,7,"Jornada 7"
1521,61,1996,107,8,"Jornada 8"
1522,61,1996,107,9,"Jornada 9"
1523,61,1996,107,10,"Jornada 10"
1524,61,1996,107,11,"Jornada 11"
1525,61,1996,107,12,"Jornada 12"
1526,61,1996,107,13,"Jornada 13"
1527,61,1996,107,14,"Jornada 14"
1528,61,1996,107,15,"Jornada 15"
1529,61,1996,107,16,"Jornada 16"
1530,61,1996,107,17,"Jornada 17"
1531,61,1996,107,18,"Jornada 18"
1532,61,1996,107,19,"Jornada 19"
1533,61,1996,107,20,"Jornada 20"
1534,61,1996,107,21,"Jornada 21"
1535,61,1996,107,22,"Jornada 22"
1536,61,1996,107,23,"Jornada 23"
1537,61,1996,107,24,"Jornada 24"
1538,61,1996,107,25,"Jornada 25"
1539,61,1996,107,26,"Jornada 26"
1540,61,1996,107,27,"Jornada 27"
1541,61,1996,107,28,"Jornada 28"
1542,61,1996,107,29,"Jornada 29"
1543,61,1996,107,30,"Jornada 30"
1544,61,1996,107,31,"Jornada 31"
1545,61,1996,107,32,"Jornada 32"
1546,61,1996,107,33,"Jornada 33"
1547,61,1996,107,34,"Jornada 34"
1548,61,1996,111,35,"Jornada 35"
1549,61,1996,111,36,"Jornada 36"
1550,61,1996,111,37,"Jornada 37"
1551,61,1996,110,38,"Jornada 38"
1552,61,1996,110,39,"Jornada 39"
1553,61,1996,110,40,"Jornada 40"
1554,61,1996,111,41,"Jornada 41"
1555,61,1996,111,42,"Jornada 42"
1556,61,1996,111,43,"Jornada 43"
1557,61,1996,111,44,"Jornada 44"
1558,61,1996,111,46,"Jornada 46"
1559,61,1996,111,47,"Jornada 47"
1560,61,1996,111,48,"Jornada 48"
1561,61,1996,111,49,"Jornada 49"
1562,61,1996,111,50,"Jornada 50"
1563,62,1997,107,1,"Jornada 1"
1564,62,1997,107,2,"Jornada 2"
1565,62,1997,107,3,"Jornada 3"
1566,62,1997,107,4,"Jornada 4"
1567,62,1997,107,5,"Jornada 5"
1568,62,1997,107,6,"Jornada 6"
1569,62,1997,107,7,"Jornada 7"
1570,62,1997,107,8,"Jornada 8"
1571,62,1997,107,9,"Jornada 9"
1572,62,1997,107,10,"Jornada 10"
1573,62,1997,107,11,"Jornada 11"
1574,62,1997,107,12,"Jornada 12"
1575,62,1997,107,13,"Jornada 13"
1576,62,1997,107,14,"Jornada 14"
1577,62,1997,107,15,"Jornada 15"
1578,62,1997,107,16,"Jornada 16"
1579,62,1997,107,17,"Jornada 17"
1580,62,1997,107,18,"Jornada 18"
1581,62,1997,107,19,"Jornada 19"
1582,62,1997,107,20,"Jornada 20"
1583,62,1997,107,21,"Jornada 21"
1584,62,1997,107,22,"Jornada 22"
1585,62,1997,107,23,"Jornada 23"
1586,62,1997,107,24,"Jornada 24"
1587,62,1997,107,25,"Jornada 25"
1588,62,1997,107,26,"Jornada 26"
1589,62,1997,107,27,"Jornada 27"
1590,62,1997,107,28,"Jornada 28"
1591,62,1997,107,29,"Jornada 29"
1592,62,1997,107,30,"Jornada 30"
1593,62,1997,107,31,"Jornada 31"
1594,62,1997,107,32,"Jornada 32"
1595,62,1997,107,33,"Jornada 33"
1596,62,1997,107,34,"Jornada 34"
1597,62,1997,111,35,"Jornada 35"
1598,62,1997,111,36,"Jornada 36"
1599,62,1997,111,37,"Jornada 37"
1600,62,1997,111,38,"Jornada 38"
1601,62,1997,110,40,"Jornada 40"
1602,62,1997,111,41,"Jornada 41"
1603,62,1997,111,42,"Jornada 42"
1604,62,1997,111,43,"Jornada 43"
1605,62,1997,111,45,"Jornada 45"
1606,62,1997,111,46,"Jornada 46"
1607,62,1997,111,47,"Jornada 47"
1608,62,1997,111,48,"Jornada 48"
1609,63,1998,107,1,"Jornada 1"
1610,63,1998,107,2,"Jornada 2"
1611,63,1998,107,3,"Jornada 3"
1612,63,1998,107,4,"Jornada 4"
1613,63,1998,107,5,"Jornada 5"
1614,63,1998,107,6,"Jornada 6"
1615,63,1998,107,7,"Jornada 7"
1616,63,1998,107,8,"Jornada 8"
1617,63,1998,107,9,"Jornada 9"
1618,63,1998,107,10,"Jornada 10"
1619,63,1998,107,11,"Jornada 11"
1620,63,1998,107,12,"Jornada 12"
1621,63,1998,107,13,"Jornada 13"
1622,63,1998,107,14,"Jornada 14"
1623,63,1998,107,15,"Jornada 15"
1624,63,1998,107,16,"Jornada 16"
1625,63,1998,107,17,"Jornada 17"
1626,63,1998,107,18,"Jornada 18"
1627,63,1998,107,19,"Jornada 19"
1628,63,1998,107,20,"Jornada 20"
1629,63,1998,107,21,"Jornada 21"
1630,63,1998,107,22,"Jornada 22"
1631,63,1998,107,23,"Jornada 23"
1632,63,1998,107,24,"Jornada 24"
1633,63,1998,107,25,"Jornada 25"
1634,63,1998,107,26,"Jornada 26"
1635,63,1998,107,27,"Jornada 27"
1636,63,1998,107,28,"Jornada 28"
1637,63,1998,107,29,"Jornada 29"
1638,63,1998,107,30,"Jornada 30"
1639,63,1998,107,31,"Jornada 31"
1640,63,1998,107,32,"Jornada 32"
1641,63,1998,107,33,"Jornada 33"
1642,63,1998,107,34,"Jornada 34"
1643,63,1998,111,35,"Jornada 35"
1644,63,1998,111,36,"Jornada 36"
1645,63,1998,111,37,"Jornada 37"
1646,63,1998,111,38,"Jornada 38"
1647,63,1998,111,39,"Jornada 39"
1648,63,1998,111,40,"Jornada 40"
1649,63,1998,111,41,"Jornada 41"
1650,63,1998,111,42,"Jornada 42"
1651,63,1998,111,43,"Jornada 43"
1652,63,1998,111,45,"Jornada 45"
1653,63,1998,111,46,"Jornada 46"
1654,63,1998,111,47,"Jornada 47"
1655,64,1999,107,1,"Jornada 1"
1656,64,1999,107,2,"Jornada 2"
1657,64,1999,107,3,"Jornada 3"
1658,64,1999,107,4,"Jornada 4"
1659,64,1999,107,5,"Jornada 5"
1660,64,1999,107,6,"Jornada 6"
1661,64,1999,107,7,"Jornada 7"
1662,64,1999,107,8,"Jornada 8"
1663,64,1999,107,9,"Jornada 9"
1664,64,1999,107,10,"Jornada 10"
1665,64,1999,107,11,"Jornada 11"
1666,64,1999,107,12,"Jornada 12"
1667,64,1999,107,13,"Jornada 13"
1668,64,1999,107,14,"Jornada 14"
1669,64,1999,107,15,"Jornada 15"
1670,64,1999,107,16,"Jornada 16"
1671,64,1999,107,17,"Jornada 17"
1672,64,1999,107,18,"Jornada 18"
1673,64,1999,107,19,"Jornada 19"
1674,64,1999,107,20,"Jornada 20"
1675,64,1999,107,21,"Jornada 21"
1676,64,1999,107,22,"Jornada 22"
1677,64,1999,107,23,"Jornada 23"
1678,64,1999,107,24,"Jornada 24"
1679,64,1999,107,25,"Jornada 25"
1680,64,1999,107,26,"Jornada 26"
1681,64,1999,107,27,"Jornada 27"
1682,64,1999,107,28,"Jornada 28"
1683,64,1999,107,29,"Jornada 29"
1684,64,1999,107,30,"Jornada 30"
1685,64,1999,107,31,"Jornada 31"
1686,64,1999,107,32,"Jornada 32"
1687,64,1999,107,33,"Jornada 33"
1688,64,1999,107,34,"Jornada 34"
1689,64,1999,111,35,"Jornada 35"
1690,64,1999,111,36,"Jornada 36"
1691,64,1999,111,37,"Jornada 37"
1692,64,1999,111,38,"Jornada 38"
1693,64,1999,111,39,"Jornada 39"
1694,64,1999,111,40,"Jornada 40"
1695,64,1999,111,41,"Jornada 41"
1696,64,1999,111,42,"Jornada 42"
1697,64,1999,111,43,"Jornada 43"
1698,64,1999,111,44,"Jornada 44"
1699,64,1999,111,45,"Jornada 45"
1700,64,1999,111,46,"Jornada 46"
1701,64,1999,111,47,"Jornada 47"
1702,64,1999,111,48,"Jornada 48"
1703,64,1999,111,49,"Jornada 49"
1704,65,2000,107,1,"Jornada 1"
1705,65,2000,107,2,"Jornada 2"
1706,65,2000,107,3,"Jornada 3"
1707,65,2000,107,4,"Jornada 4"
1708,65,2000,107,5,"Jornada 5"
1709,65,2000,107,6,"Jornada 6"
1710,65,2000,107,7,"Jornada 7"
1711,65,2000,107,8,"Jornada 8"
1712,65,2000,107,9,"Jornada 9"
1713,65,2000,107,10,"Jornada 10"
1714,65,2000,107,11,"Jornada 11"
1715,65,2000,107,12,"Jornada 12"
1716,65,2000,107,13,"Jornada 13"
1717,65,2000,107,14,"Jornada 14"
1718,65,2000,107,15,"Jornada 15"
1719,65,2000,107,16,"Jornada 16"
1720,65,2000,107,17,"Jornada 17"
1721,65,2000,107,18,"Jornada 18"
1722,65,2000,107,19,"Jornada 19"
1723,65,2000,107,20,"Jornada 20"
1724,65,2000,107,21,"Jornada 21"
1725,65,2000,107,22,"Jornada 22"
1726,65,2000,107,23,"Jornada 23"
1727,65,2000,107,24,"Jornada 24"
1728,65,2000,107,25,"Jornada 25"
1729,65,2000,107,26,"Jornada 26"
1730,65,2000,107,27,"Jornada 27"
1731,65,2000,107,28,"Jornada 28"
1732,65,2000,107,29,"Jornada 29"
1733,65,2000,107,30,"Jornada 30"
1734,65,2000,107,31,"Jornada 31"
1735,65,2000,107,32,"Jornada 32"
1736,65,2000,107,33,"Jornada 33"
1737,65,2000,107,34,"Jornada 34"
1738,65,2000,111,35,"Jornada 35"
1739,65,2000,111,36,"Jornada 36"
1740,65,2000,111,37,"Jornada 37"
1741,65,2000,111,38,"Jornada 38"
1742,65,2000,111,40,"Jornada 40"
1743,65,2000,111,41,"Jornada 41"
1744,65,2000,111,42,"Jornada 42"
1745,65,2000,111,43,"Jornada 43"
1746,65,2000,111,44,"Jornada 44"
1747,65,2000,111,45,"Jornada 45"
1748,65,2000,111,46,"Jornada 46"
1749,65,2000,111,47,"Jornada 47"
1750,66,2001,107,1,"Jornada 1"
1751,66,2001,107,2,"Jornada 2"
1752,66,2001,107,3,"Jornada 3"
1753,66,2001,107,4,"Jornada 4"
1754,66,2001,107,5,"Jornada 5"
1755,66,2001,107,6,"Jornada 6"
1756,66,2001,107,7,"Jornada 7"
1757,66,2001,107,8,"Jornada 8"
1758,66,2001,107,9,"Jornada 9"
1759,66,2001,107,10,"Jornada 10"
1760,66,2001,107,11,"Jornada 11"
1761,66,2001,107,12,"Jornada 12"
1762,66,2001,107,13,"Jornada 13"
1763,66,2001,107,14,"Jornada 14"
1764,66,2001,107,15,"Jornada 15"
1765,66,2001,107,16,"Jornada 16"
1766,66,2001,107,17,"Jornada 17"
1767,66,2001,107,18,"Jornada 18"
1768,66,2001,107,19,"Jornada 19"
1769,66,2001,107,20,"Jornada 20"
1770,66,2001,107,21,"Jornada 21"
1771,66,2001,107,22,"Jornada 22"
1772,66,2001,107,23,"Jornada 23"
1773,66,2001,107,24,"Jornada 24"
1774,66,2001,107,25,"Jornada 25"
1775,66,2001,107,26,"Jornada 26"
1776,66,2001,107,27,"Jornada 27"
1777,66,2001,107,28,"Jornada 28"
1778,66,2001,107,29,"Jornada 29"
1779,66,2001,107,30,"Jornada 30"
1780,66,2001,107,31,"Jornada 31"
1781,66,2001,107,32,"Jornada 32"
1782,66,2001,107,33,"Jornada 33"
1783,66,2001,107,34,"Jornada 34"
1784,66,2001,111,35,"Jornada 35"
1785,66,2001,111,36,"Jornada 36"
1786,66,2001,111,37,"Jornada 37"
1787,66,2001,111,38,"Jornada 38"
1788,66,2001,111,39,"Jornada 39"
1789,66,2001,111,40,"Jornada 40"
1790,66,2001,111,41,"Jornada 41"
1791,66,2001,111,42,"Jornada 42"
1792,66,2001,111,43,"Jornada 43"
1793,66,2001,111,45,"Jornada 45"
1794,66,2001,111,46,"Jornada 46"
1795,66,2001,111,47,"Jornada 47"
1796,67,2002,107,1,"Jornada 1"
1797,67,2002,107,2,"Jornada 2"
1798,67,2002,107,3,"Jornada 3"
1799,67,2002,107,4,"Jornada 4"
1800,67,2002,107,5,"Jornada 5"
1801,67,2002,107,6,"Jornada 6"
1802,67,2002,107,7,"Jornada 7"
1803,67,2002,107,8,"Jornada 8"
1804,67,2002,107,9,"Jornada 9"
1805,67,2002,107,10,"Jornada 10"
1806,67,2002,107,11,"Jornada 11"
1807,67,2002,107,12,"Jornada 12"
1808,67,2002,107,13,"Jornada 13"
1809,67,2002,107,14,"Jornada 14"
1810,67,2002,107,15,"Jornada 15"
1811,67,2002,107,16,"Jornada 16"
1812,67,2002,107,17,"Jornada 17"
1813,67,2002,107,18,"Jornada 18"
1814,67,2002,107,19,"Jornada 19"
1815,67,2002,107,20,"Jornada 20"
1816,67,2002,107,21,"Jornada 21"
1817,67,2002,107,22,"Jornada 22"
1818,67,2002,107,23,"Jornada 23"
1819,67,2002,107,24,"Jornada 24"
1820,67,2002,107,25,"Jornada 25"
1821,67,2002,107,26,"Jornada 26"
1822,67,2002,107,27,"Jornada 27"
1823,67,2002,107,28,"Jornada 28"
1824,67,2002,107,29,"Jornada 29"
1825,67,2002,107,30,"Jornada 30"
1826,67,2002,107,31,"Jornada 31"
1827,67,2002,107,32,"Jornada 32"
1828,67,2002,107,33,"Jornada 33"
1829,67,2002,107,34,"Jornada 34"
1830,67,2002,111,35,"Jornada 35"
1831,67,2002,111,36,"Jornada 36"
1832,67,2002,111,37,"Jornada 37"
1833,67,2002,111,38,"Jornada 38"
1834,67,2002,111,39,"Jornada 39"
1835,67,2002,111,40,"Jornada 40"
1836,67,2002,111,41,"Jornada 41"
1837,67,2002,111,42,"Jornada 42"
1838,67,2002,111,43,"Jornada 43"
1839,67,2002,111,44,"Jornada 44"
1840,67,2002,111,45,"Jornada 45"
1841,67,2002,111,46,"Jornada 46"
1842,67,2002,111,47,"Jornada 47"
1845,68,2003,107,1,"Jornada 1"
1846,68,2003,107,2,"Jornada 2"
1847,68,2003,107,3,"Jornada 3"
1848,68,2003,107,4,"Jornada 4"
1849,68,2003,107,5,"Jornada 5"
1850,68,2003,107,6,"Jornada 6"
1851,68,2003,107,7,"Jornada 7"
1852,68,2003,107,8,"Jornada 8"
1853,68,2003,107,9,"Jornada 9"
1854,68,2003,107,10,"Jornada 10"
1855,68,2003,107,11,"Jornada 11"
1856,68,2003,107,12,"Jornada 12"
1857,68,2003,107,13,"Jornada 13"
1858,68,2003,107,14,"Jornada 14"
1859,68,2003,107,15,"Jornada 15"
1860,68,2003,107,16,"Jornada 16"
1861,68,2003,107,17,"Jornada 17"
1862,68,2003,107,18,"Jornada 18"
1863,68,2003,107,19,"Jornada 19"
1864,68,2003,107,20,"Jornada 20"
1865,68,2003,107,21,"Jornada 21"
1866,68,2003,107,22,"Jornada 22"
1867,68,2003,107,23,"Jornada 23"
1868,68,2003,107,24,"Jornada 24"
1869,68,2003,107,25,"Jornada 25"
1870,68,2003,107,26,"Jornada 26"
1871,68,2003,107,27,"Jornada 27"
1872,68,2003,107,28,"Jornada 28"
1873,68,2003,107,29,"Jornada 29"
1874,68,2003,107,30,"Jornada 30"
1875,68,2003,107,31,"Jornada 31"
1876,68,2003,107,32,"Jornada 32"
1877,68,2003,107,33,"Jornada 33"
1878,68,2003,107,34,"Jornada 34"
1879,68,2003,111,35,"Jornada 35"
1880,68,2003,111,36,"Jornada 36"
1881,68,2003,111,37,"Jornada 37"
1882,68,2003,111,38,"Jornada 38"
1883,68,2003,111,39,"Jornada 39"
1884,68,2003,111,40,"Jornada 40"
1885,68,2003,111,41,"Jornada 41"
1886,68,2003,111,42,"Jornada 42"
1887,68,2003,111,43,"Jornada 43"
1888,68,2003,111,44,"Jornada 44"
1889,68,2003,111,45,"Jornada 45"
1890,68,2003,111,46,"Jornada 46"
1891,68,2003,111,47,"Jornada 47"
1892,68,2003,111,48,"Jornada 48"
1893,68,2003,111,49,"Jornada 49"
1894,69,2004,107,1,"Jornada 1"
1895,69,2004,107,2,"Jornada 2"
1896,69,2004,107,3,"Jornada 3"
1897,69,2004,107,4,"Jornada 4"
1898,69,2004,107,5,"Jornada 5"
1899,69,2004,107,6,"Jornada 6"
1900,69,2004,107,7,"Jornada 7"
1901,69,2004,107,8,"Jornada 8"
1902,69,2004,107,9,"Jornada 9"
1903,69,2004,107,10,"Jornada 10"
1904,69,2004,107,11,"Jornada 11"
1905,69,2004,107,12,"Jornada 12"
1906,69,2004,107,13,"Jornada 13"
1907,69,2004,107,14,"Jornada 14"
1908,69,2004,107,15,"Jornada 15"
1909,69,2004,107,16,"Jornada 16"
1910,69,2004,107,17,"Jornada 17"
1911,69,2004,107,18,"Jornada 18"
1912,69,2004,107,19,"Jornada 19"
1913,69,2004,107,20,"Jornada 20"
1914,69,2004,107,21,"Jornada 21"
1915,69,2004,107,22,"Jornada 22"
1916,69,2004,107,23,"Jornada 23"
1917,69,2004,107,24,"Jornada 24"
1918,69,2004,107,25,"Jornada 25"
1919,69,2004,107,26,"Jornada 26"
1920,69,2004,107,27,"Jornada 27"
1921,69,2004,107,28,"Jornada 28"
1922,69,2004,107,29,"Jornada 29"
1923,69,2004,107,30,"Jornada 30"
1924,69,2004,107,31,"Jornada 31"
1925,69,2004,107,32,"Jornada 32"
1926,69,2004,107,33,"Jornada 33"
1927,69,2004,107,34,"Jornada 34"
1928,69,2004,111,35,"Jornada 35"
1929,69,2004,111,36,"Jornada 36"
1930,69,2004,111,37,"Jornada 37"
1931,69,2004,111,38,"Jornada 38"
1932,69,2004,111,39,"Jornada 39"
1933,69,2004,111,40,"Jornada 40"
1934,69,2004,111,41,"Jornada 41"
1935,69,2004,111,42,"Jornada 42"
1936,69,2004,111,43,"Jornada 43"
1938,69,2004,111,45,"Jornada 45"
1939,69,2004,111,46,"Jornada 46"
1940,69,2004,111,47,"Jornada 47"
1941,69,2004,111,48,"Jornada 48"
1942,69,2004,111,49,"Jornada 49"
1943,70,2005,107,1,"Jornada 1"
1944,70,2005,107,2,"Jornada 2"
1945,70,2005,107,3,"Jornada 3"
1946,70,2005,107,4,"Jornada 4"
1947,70,2005,107,5,"Jornada 5"
1948,70,2005,107,6,"Jornada 6"
1949,70,2005,107,7,"Jornada 7"
1950,70,2005,107,8,"Jornada 8"
1951,70,2005,107,9,"Jornada 9"
1952,70,2005,107,10,"Jornada 10"
1953,70,2005,107,11,"Jornada 11"
1954,70,2005,107,12,"Jornada 12"
1955,70,2005,107,13,"Jornada 13"
1956,70,2005,107,14,"Jornada 14"
1957,70,2005,107,15,"Jornada 15"
1958,70,2005,107,16,"Jornada 16"
1959,70,2005,107,17,"Jornada 17"
1960,70,2005,107,18,"Jornada 18"
1961,70,2005,107,19,"Jornada 19"
1962,70,2005,107,20,"Jornada 20"
1963,70,2005,107,21,"Jornada 21"
1964,70,2005,107,22,"Jornada 22"
1965,70,2005,107,23,"Jornada 23"
1966,70,2005,107,24,"Jornada 24"
1967,70,2005,107,25,"Jornada 25"
1968,70,2005,107,26,"Jornada 26"
1969,70,2005,107,27,"Jornada 27"
1970,70,2005,107,28,"Jornada 28"
1971,70,2005,107,29,"Jornada 29"
1972,70,2005,107,30,"Jornada 30"
1973,70,2005,107,31,"Jornada 31"
1974,70,2005,107,32,"Jornada 32"
1975,70,2005,107,33,"Jornada 33"
1976,70,2005,107,34,"Jornada 34"
1977,70,2005,111,35,"Jornada 35"
1978,70,2005,111,36,"Jornada 36"
1979,70,2005,111,37,"Jornada 37"
1980,70,2005,111,38,"Jornada 38"
1981,70,2005,111,40,"Jornada 40"
1982,70,2005,111,41,"Jornada 41"
1983,70,2005,111,42,"Jornada 42"
1984,70,2005,111,43,"Jornada 43"
1985,70,2005,111,44,"Jornada 44"
1986,70,2005,111,45,"Jornada 45"
1987,70,2005,111,46,"Jornada 46"
1988,70,2005,111,47,"Jornada 47"
1989,71,2006,107,1,"Jornada 1"
1990,71,2006,107,2,"Jornada 2"
1991,71,2006,107,3,"Jornada 3"
1992,71,2006,107,4,"Jornada 4"
1993,71,2006,107,5,"Jornada 5"
1994,71,2006,107,6,"Jornada 6"
1995,71,2006,107,7,"Jornada 7"
1996,71,2006,107,8,"Jornada 8"
1997,71,2006,107,9,"Jornada 9"
1998,71,2006,107,10,"Jornada 10"
1999,71,2006,107,11,"Jornada 11"
2000,71,2006,107,12,"Jornada 12"
2001,71,2006,107,13,"Jornada 13"
2002,71,2006,107,14,"Jornada 14"
2003,71,2006,107,15,"Jornada 15"
2004,71,2006,107,16,"Jornada 16"
2005,71,2006,107,17,"Jornada 17"
2006,71,2006,107,18,"Jornada 18"
2007,71,2006,107,19,"Jornada 19"
2008,71,2006,107,20,"Jornada 20"
2009,71,2006,107,21,"Jornada 21"
2010,71,2006,107,22,"Jornada 22"
2011,71,2006,107,23,"Jornada 23"
2012,71,2006,107,24,"Jornada 24"
2013,71,2006,107,25,"Jornada 25"
2014,71,2006,107,26,"Jornada 26"
2015,71,2006,107,27,"Jornada 27"
2016,71,2006,107,28,"Jornada 28"
2017,71,2006,107,29,"Jornada 29"
2018,71,2006,107,30,"Jornada 30"
2019,71,2006,107,31,"Jornada 31"
2020,71,2006,107,32,"Jornada 32"
2021,71,2006,107,33,"Jornada 33"
2022,71,2006,107,34,"Jornada 34"
2023,71,2006,111,35,"Jornada 35"
2024,71,2006,111,36,"Jornada 36"
2025,71,2006,111,37,"Jornada 37"
2026,71,2006,111,38,"Jornada 38"
2027,71,2006,111,39,"Jornada 39"
2028,71,2006,111,40,"Jornada 40"
2029,71,2006,111,41,"Jornada 41"
2030,71,2006,111,42,"Jornada 42"
2031,71,2006,111,43,"Jornada 43"
2032,71,2006,111,44,"Jornada 44"
2033,71,2006,111,45,"Jornada 45"
2034,71,2006,111,46,"Jornada 46"
2035,71,2006,111,47,"Jornada 47"
2036,71,2006,111,48,"Jornada 48"
2037,72,2007,107,1,"Jornada 1"
2038,72,2007,107,2,"Jornada 2"
2039,72,2007,107,3,"Jornada 3"
2040,72,2007,107,4,"Jornada 4"
2041,72,2007,107,5,"Jornada 5"
2042,72,2007,107,6,"Jornada 6"
2043,72,2007,107,7,"Jornada 7"
2044,72,2007,107,8,"Jornada 8"
2045,72,2007,107,9,"Jornada 9"
2046,72,2007,107,10,"Jornada 10"
2047,72,2007,107,11,"Jornada 11"
2048,72,2007,107,12,"Jornada 12"
2049,72,2007,107,13,"Jornada 13"
2050,72,2007,107,14,"Jornada 14"
2051,72,2007,107,15,"Jornada 15"
2052,72,2007,107,16,"Jornada 16"
2053,72,2007,107,17,"Jornada 17"
2054,72,2007,107,18,"Jornada 18"
2055,72,2007,107,19,"Jornada 19"
2056,72,2007,107,20,"Jornada 20"
2057,72,2007,107,21,"Jornada 21"
2058,72,2007,107,22,"Jornada 22"
2059,72,2007,107,23,"Jornada 23"
2060,72,2007,107,24,"Jornada 24"
2061,72,2007,107,25,"Jornada 25"
2062,72,2007,107,26,"Jornada 26"
2063,72,2007,107,27,"Jornada 27"
2064,72,2007,107,28,"Jornada 28"
2065,72,2007,107,29,"Jornada 29"
2066,72,2007,107,30,"Jornada 30"
2067,72,2007,107,31,"Jornada 31"
2068,72,2007,107,32,"Jornada 32"
2069,72,2007,107,33,"Jornada 33"
2070,72,2007,107,34,"Jornada 34"
2071,72,2007,111,35,"Jornada 35"
2072,72,2007,111,36,"Jornada 36"
2073,72,2007,111,37,"Jornada 37"
2074,72,2007,111,38,"Jornada 38"
2075,72,2007,111,39,"Jornada 39"
2076,72,2007,111,41,"Jornada 41"
2077,72,2007,111,42,"Jornada 42"
2078,72,2007,111,43,"Jornada 43"
2079,73,2008,107,1,"Jornada 1"
2080,73,2008,107,2,"Jornada 2"
2081,73,2008,107,3,"Jornada 3"
2082,73,2008,107,4,"Jornada 4"
2083,73,2008,107,5,"Jornada 5"
2084,73,2008,107,6,"Jornada 6"
2085,73,2008,107,7,"Jornada 7"
2086,73,2008,107,8,"Jornada 8"
2087,73,2008,107,9,"Jornada 9"
2088,73,2008,107,10,"Jornada 10"
2089,73,2008,107,11,"Jornada 11"
2090,73,2008,107,12,"Jornada 12"
2091,73,2008,107,13,"Jornada 13"
2092,73,2008,107,14,"Jornada 14"
2093,73,2008,107,15,"Jornada 15"
2094,73,2008,107,16,"Jornada 16"
2095,73,2008,107,17,"Jornada 17"
2096,73,2008,107,18,"Jornada 18"
2097,73,2008,107,19,"Jornada 19"
2098,73,2008,107,20,"Jornada 20"
2099,73,2008,107,21,"Jornada 21"
2100,73,2008,107,22,"Jornada 22"
2101,73,2008,107,23,"Jornada 23"
2102,73,2008,107,24,"Jornada 24"
2103,73,2008,107,25,"Jornada 25"
2104,73,2008,107,26,"Jornada 26"
2105,73,2008,107,27,"Jornada 27"
2106,73,2008,107,28,"Jornada 28"
2107,73,2008,107,29,"Jornada 29"
2108,73,2008,107,30,"Jornada 30"
2109,73,2008,107,31,"Jornada 31"
2110,73,2008,107,32,"Jornada 32"
2111,73,2008,107,33,"Jornada 33"
2112,73,2008,107,34,"Jornada 34"
2113,73,2008,111,35,"Jornada 35"
2114,73,2008,111,36,"Jornada 36"
2115,73,2008,111,37,"Jornada 37"
2116,73,2008,111,38,"Jornada 38"
2117,73,2008,111,39,"Jornada 39"
2118,73,2008,111,40,"Jornada 40"
2119,73,2008,111,41,"Jornada 41"
2120,73,2008,111,42,"Jornada 42"
2121,73,2008,111,43,"Jornada 43"
2122,73,2008,111,44,"Jornada 44"
2123,74,2009,107,1,"Jornada 1"
2124,74,2009,107,2,"Jornada 2"
2125,74,2009,107,3,"Jornada 3"
2126,74,2009,107,4,"Jornada 4"
2127,74,2009,107,5,"Jornada 5"
2128,74,2009,107,6,"Jornada 6"
2129,74,2009,107,7,"Jornada 7"
2130,74,2009,107,8,"Jornada 8"
2131,74,2009,107,9,"Jornada 9"
2132,74,2009,107,10,"Jornada 10"
2133,74,2009,107,11,"Jornada 11"
2134,74,2009,107,12,"Jornada 12"
2135,74,2009,107,13,"Jornada 13"
2136,74,2009,107,14,"Jornada 14"
2137,74,2009,107,15,"Jornada 15"
2138,74,2009,107,16,"Jornada 16"
2139,74,2009,107,17,"Jornada 17"
2140,74,2009,107,18,"Jornada 18"
2141,74,2009,107,19,"Jornada 19"
2142,74,2009,107,20,"Jornada 20"
2143,74,2009,107,21,"Jornada 21"
2144,74,2009,107,22,"Jornada 22"
2145,74,2009,107,23,"Jornada 23"
2146,74,2009,107,24,"Jornada 24"
2147,74,2009,107,25,"Jornada 25"
2148,74,2009,107,26,"Jornada 26"
2149,74,2009,107,27,"Jornada 27"
2150,74,2009,107,28,"Jornada 28"
2151,74,2009,107,29,"Jornada 29"
2152,74,2009,107,30,"Jornada 30"
2153,74,2009,107,31,"Jornada 31"
2154,74,2009,107,32,"Jornada 32"
2155,74,2009,107,33,"Jornada 33"
2156,74,2009,107,34,"Jornada 34"
2245,74,2009,111,35,"Jornada 35"
2246,74,2009,111,36,"Jornada 36"
2247,74,2009,111,37,"Jornada 37"
2248,74,2009,111,38,"Jornada 38"
2249,74,2009,111,39,"Jornada 39"
2250,74,2009,111,40,"Jornada 40"
2251,74,2009,111,41,"Jornada 41"
2252,74,2009,111,42,"Jornada 42"
2253,74,2009,111,43,"Jornada 43"
2254,74,2009,111,44,"Jornada 44"
2255,74,2009,111,45,"Jornada 45"
2258,75,2010,107,1,"Jornada 1"
2259,75,2010,107,2,"Jornada 2"
2260,75,2010,107,3,"Jornada 3"
2261,75,2010,107,4,"Jornada 4"
2262,75,2010,107,5,"Jornada 5"
2263,75,2010,107,6,"Jornada 6"
2264,75,2010,107,7,"Jornada 7"
2265,75,2010,107,8,"Jornada 8"
2266,75,2010,107,9,"Jornada 9"
2267,75,2010,107,10,"Jornada 10"
2268,75,2010,107,11,"Jornada 11"
2269,75,2010,107,12,"Jornada 12"
2270,75,2010,107,13,"Jornada 13"
2271,75,2010,107,14,"Jornada 14"
2272,75,2010,107,15,"Jornada 15"
2273,75,2010,107,16,"Jornada 16"
2274,75,2010,107,17,"Jornada 17"
2275,75,2010,107,18,"Jornada 18"
2276,75,2010,107,19,"Jornada 19"
2277,75,2010,107,20,"Jornada 20"
2281,75,2010,107,21,"Jornada 21"
2282,75,2010,107,22,"Jornada 22"
2283,75,2010,107,23,"Jornada 23"
2284,75,2010,107,24,"Jornada 24"
2285,75,2010,107,25,"Jornada 25"
2286,75,2010,107,26,"Jornada 26"
2287,75,2010,107,27,"Jornada 27"
2288,75,2010,107,28,"Jornada 28"
2289,75,2010,107,29,"Jornada 29"
2290,75,2010,107,30,"Jornada 30"
2291,75,2010,107,31,"Jornada 31"
2292,75,2010,107,32,"Jornada 32"
2293,75,2010,107,33,"Jornada 33"
2294,75,2010,107,34,"Jornada 34"
2299,75,2010,111,35,"Jornada 35"
2300,75,2010,111,36,"Jornada 36"
2302,75,2010,111,38,"Jornada 38"
2303,75,2010,111,39,"Jornada 39"
2304,75,2010,111,40,"Jornada 40"
2305,75,2010,111,41,"Jornada 41"
2307,75,2010,111,43,"Jornada 43"
2308,75,2010,111,44,"Jornada 44"
2309,75,2010,111,45,"Jornada 45"
2313,76,2011,107,1,"Jornada 1"
2314,76,2011,107,2,"Jornada 2"
2315,76,2011,107,3,"Jornada 3"
2316,76,2011,107,4,"Jornada 4"
2317,76,2011,107,5,"Jornada 5"
2318,76,2011,107,6,"Jornada 6"
2319,76,2011,107,7,"Jornada 7"
2320,76,2011,107,8,"Jornada 8"
2321,76,2011,107,9,"Jornada 9"
2322,76,2011,107,10,"Jornada 10"
2323,76,2011,107,11,"Jornada 11"
2324,76,2011,107,12,"Jornada 12"
2325,76,2011,107,13,"Jornada 13"
2326,76,2011,107,14,"Jornada 14"
2327,76,2011,107,15,"Jornada 15"
2328,76,2011,107,16,"Jornada 16"
2329,76,2011,107,17,"Jornada 17"
2330,76,2011,107,18,"Jornada 18"
2331,76,2011,107,19,"Jornada 19"
2332,76,2011,107,20,"Jornada 20"
2336,76,2011,107,21,"Jornada 21"
2337,76,2011,107,22,"Jornada 22"
2338,76,2011,107,23,"Jornada 23"
2339,76,2011,107,24,"Jornada 24"
2340,76,2011,107,25,"Jornada 25"
2341,76,2011,107,26,"Jornada 26"
2342,76,2011,107,27,"Jornada 27"
2343,76,2011,107,28,"Jornada 28"
2344,76,2011,107,29,"Jornada 29"
2345,76,2011,107,30,"Jornada 30"
2346,76,2011,107,31,"Jornada 31"
2347,76,2011,107,32,"Jornada 32"
2348,76,2011,107,33,"Jornada 33"
2349,76,2011,107,34,"Jornada 34"
2358,76,2011,111,35,"Jornada 35"
2359,76,2011,111,36,"Jornada 36"
2360,76,2011,111,37,"Jornada 37"
2361,76,2011,111,38,"Jornada 38"
2362,76,2011,111,39,"Jornada 39"
2363,76,2011,111,40,"Jornada 40"
2364,76,2011,111,41,"Jornada 41"
2365,76,2011,111,42,"Jornada 42"
2366,76,2011,111,43,"Jornada 43"
2367,76,2011,111,44,"Jornada 44"
2368,76,2011,111,45,"Jornada 45"
2369,76,2011,111,46,"Jornada 46"
2370,76,2011,111,47,"Jornada 47"
2373,77,2012,107,1,"Jornada 1"
2374,77,2012,107,2,"Jornada 2"
2375,77,2012,107,3,"Jornada 3"
2376,77,2012,107,4,"Jornada 4"
2377,77,2012,107,5,"Jornada 5"
2378,77,2012,107,6,"Jornada 6"
2379,77,2012,107,7,"Jornada 7"
2380,77,2012,107,8,"Jornada 8"
2381,77,2012,107,9,"Jornada 9"
2382,77,2012,107,10,"Jornada 10"
2383,77,2012,107,11,"Jornada 11"
2384,77,2012,107,12,"Jornada 12"
2385,77,2012,107,13,"Jornada 13"
2386,77,2012,107,14,"Jornada 14"
2387,77,2012,107,15,"Jornada 15"
2388,77,2012,107,16,"Jornada 16"
2389,77,2012,107,17,"Jornada 17"
2390,77,2012,107,18,"Jornada 18"
2391,77,2012,107,19,"Jornada 19"
2392,77,2012,107,20,"Jornada 20"
2396,77,2012,107,21,"Jornada 21"
2397,77,2012,107,22,"Jornada 22"
2398,77,2012,107,23,"Jornada 23"
2399,77,2012,107,24,"Jornada 24"
2400,77,2012,107,25,"Jornada 25"
2401,77,2012,107,26,"Jornada 26"
2402,77,2012,107,27,"Jornada 27"
2403,77,2012,107,28,"Jornada 28"
2404,77,2012,107,29,"Jornada 29"
2405,77,2012,107,30,"Jornada 30"
2406,77,2012,107,31,"Jornada 31"
2407,77,2012,107,32,"Jornada 32"
2408,77,2012,107,33,"Jornada 33"
2409,77,2012,107,34,"Jornada 34"
2410,77,2012,111,35,"Jornada 35"
2411,77,2012,111,36,"Jornada 36"
2412,77,2012,111,37,"Jornada 37"
2413,77,2012,111,38,"Jornada 38"
2414,77,2012,111,39,"Jornada 39"
2415,77,2012,111,40,"Jornada 40"
2418,77,2012,111,43,"Jornada 43"
2419,77,2012,111,44,"Jornada 44"
2420,77,2012,111,45,"Jornada 45"
2421,77,2012,111,46,"Jornada 46"
2422,77,2012,111,47,"Jornada 47"
2429,78,2013,107,1,"Jornada 1"
2430,78,2013,107,2,"Jornada 2"
2431,78,2013,107,3,"Jornada 3"
2432,78,2013,107,4,"Jornada 4"
2433,78,2013,107,5,"Jornada 5"
2434,78,2013,107,6,"Jornada 6"
2435,78,2013,107,7,"Jornada 7"
2436,78,2013,107,8,"Jornada 8"
2437,78,2013,107,9,"Jornada 9"
2438,78,2013,107,10,"Jornada 10"
2439,78,2013,107,11,"Jornada 11"
2440,78,2013,107,12,"Jornada 12"
2441,78,2013,107,13,"Jornada 13"
2442,78,2013,107,14,"Jornada 14"
2443,78,2013,107,15,"Jornada 15"
2444,78,2013,107,16,"Jornada 16"
2445,78,2013,107,17,"Jornada 17"
2446,78,2013,107,18,"Jornada 18"
2450,78,2013,107,19,"Jornada 19"
2451,78,2013,107,20,"Jornada 20"
2452,78,2013,107,21,"Jornada 21"
2453,78,2013,107,22,"Jornada 22"
2454,78,2013,107,23,"Jornada 23"
2455,78,2013,107,24,"Jornada 24"
2456,78,2013,107,25,"Jornada 25"
2457,78,2013,107,26,"Jornada 26"
2458,78,2013,107,27,"Jornada 27"
2459,78,2013,107,28,"Jornada 28"
2460,78,2013,107,29,"Jornada 29"
2461,78,2013,107,30,"Jornada 30"
2462,78,2013,107,31,"Jornada 31"
2463,78,2013,107,32,"Jornada 32"
2464,78,2013,107,33,"Jornada 33"
2465,78,2013,107,34,"Jornada 34"
2466,78,2013,111,35,"Jornada 35"
2467,78,2013,111,36,"Jornada 36"
2468,78,2013,111,37,"Jornada 37"
2469,78,2013,111,38,"Jornada 38"
2470,78,2013,111,39,"Jornada 39"
2471,78,2013,111,40,"Jornada 40"
2472,78,2013,111,41,"Jornada 41"
2473,78,2013,111,42,"Jornada 42"
2474,78,2013,111,43,"Jornada 43"
2475,78,2013,111,44,"Jornada 44"
2476,78,2013,111,45,"Jornada 45"
2477,78,2013,111,46,"Jornada 46"
2481,79,2014,107,1,"Jornada 1"
2482,79,2014,107,2,"Jornada 2"
2483,79,2014,107,3,"Jornada 3"
2484,79,2014,107,4,"Jornada 4"
2485,79,2014,107,5,"Jornada 5"
2486,79,2014,107,6,"Jornada 6"
2487,79,2014,107,7,"Jornada 7"
2488,79,2014,107,8,"Jornada 8"
2489,79,2014,107,9,"Jornada 9"
2490,79,2014,107,10,"Jornada 10"
2491,79,2014,107,11,"Jornada 11"
2492,79,2014,107,12,"Jornada 12"
2493,79,2014,107,13,"Jornada 13"
2494,79,2014,107,14,"Jornada 14"
2495,79,2014,107,15,"Jornada 15"
2496,79,2014,107,16,"Jornada 16"
2497,79,2014,107,17,"Jornada 17"
2498,79,2014,107,18,"Jornada 18"
2499,79,2014,107,19,"Jornada 19"
2500,79,2014,107,20,"Jornada 20"
2501,79,2014,107,21,"Jornada 21"
2509,79,2014,107,22,"Jornada 22"
2510,79,2014,107,23,"Jornada 23"
2511,79,2014,107,24,"Jornada 24"
2512,79,2014,107,25,"Jornada 25"
2513,79,2014,107,26,"Jornada 26"
2514,79,2014,107,27,"Jornada 27"
2515,79,2014,107,28,"Jornada 28"
2516,79,2014,107,29,"Jornada 29"
2517,79,2014,107,30,"Jornada 30"
2518,79,2014,107,31,"Jornada 31"
2519,79,2014,107,32,"Jornada 32"
2520,79,2014,107,33,"Jornada 33"
2521,79,2014,107,34,"Jornada 34"
2522,79,2014,111,35,"Jornada 35"
2523,79,2014,111,36,"Jornada 36"
2524,79,2014,111,37,"Jornada 37"
2525,79,2014,111,38,"Jornada 38"
2526,79,2014,111,39,"Jornada 39"
2527,79,2014,111,40,"Jornada 40"
2528,79,2014,111,41,"Jornada 41"
2529,79,2014,111,42,"Jornada 42"
2530,79,2014,111,43,"Jornada 43"
2531,79,2014,111,44,"Jornada 44"
2532,79,2014,111,45,"Jornada 45"
2537,80,2015,107,1,"Jornada 1"
2538,80,2015,107,2,"Jornada 2"
2539,80,2015,107,3,"Jornada 3"
2540,80,2015,107,4,"Jornada 4"
2541,80,2015,107,5,"Jornada 5"
2542,80,2015,107,6,"Jornada 6"
2543,80,2015,107,7,"Jornada 7"
2544,80,2015,107,8,"Jornada 8"
2545,80,2015,107,9,"Jornada 9"
2546,80,2015,107,10,"Jornada 10"
2547,80,2015,107,11,"Jornada 11"
2548,80,2015,107,12,"Jornada 12"
2549,80,2015,107,13,"Jornada 13"
2550,80,2015,107,14,"Jornada 14"
2551,80,2015,107,15,"Jornada 15"
2552,80,2015,107,16,"Jornada 16"
2553,80,2015,107,17,"Jornada 17"
2554,80,2015,107,18,"Jornada 18"
2555,80,2015,107,19,"Jornada 19"
2556,80,2015,107,20,"Jornada 20"
2564,80,2015,107,21,"Jornada 21"
2565,80,2015,107,22,"Jornada 22"
2566,80,2015,107,23,"Jornada 23"
2567,80,2015,107,24,"Jornada 24"
2568,80,2015,107,25,"Jornada 25"
2569,80,2015,107,26,"Jornada 26"
2570,80,2015,107,27,"Jornada 27"
2571,80,2015,107,28,"Jornada 28"
2572,80,2015,107,29,"Jornada 29"
2573,80,2015,107,30,"Jornada 30"
2574,80,2015,107,31,"Jornada 31"
2575,80,2015,107,32,"Jornada 32"
2576,80,2015,107,33,"Jornada 33"
2577,80,2015,107,34,"Jornada 34"
2578,80,2015,111,35,"Jornada 35"
2579,80,2015,111,36,"Jornada 36"
2580,80,2015,111,37,"Jornada 37"
2581,80,2015,111,38,"Jornada 38"
2582,80,2015,111,39,"Jornada 39"
2583,80,2015,111,40,"Jornada 40"
2584,80,2015,111,41,"Jornada 41"
2586,80,2015,111,43,"Jornada 43"
2587,80,2015,111,44,"Jornada 44"
2588,80,2015,111,45,"Jornada 45"
2589,80,2015,111,46,"Jornada 46"
2600,81,2016,107,1,"Jornada 1"
2601,81,2016,107,2,"Jornada 2"
2602,81,2016,107,3,"Jornada 3"
2603,81,2016,107,4,"Jornada 4"
2604,81,2016,107,5,"Jornada 5"
2605,81,2016,107,6,"Jornada 6"
2606,81,2016,107,7,"Jornada 7"
2607,81,2016,107,8,"Jornada 8"
2608,81,2016,107,9,"Jornada 9"
2609,81,2016,107,10,"Jornada 10"
2610,81,2016,107,11,"Jornada 11"
2611,81,2016,107,12,"Jornada 12"
2612,81,2016,107,13,"Jornada 13"
2613,81,2016,107,14,"Jornada 14"
2614,81,2016,107,15,"Jornada 15"
2615,81,2016,107,16,"Jornada 16"
2616,81,2016,107,17,"Jornada 17"
2617,81,2016,107,18,"Jornada 18"
2618,81,2016,107,19,"Jornada 19"
2619,81,2016,107,20,"Jornada 20"
2620,81,2016,107,21,"Jornada 21"
2621,81,2016,107,22,"Jornada 22"
2622,81,2016,107,23,"Jornada 23"
2623,81,2016,107,24,"Jornada 24"
2624,81,2016,107,25,"Jornada 25"
2625,81,2016,107,26,"Jornada 26"
2626,81,2016,107,27,"Jornada 27"
2627,81,2016,107,28,"Jornada 28"
2628,81,2016,107,29,"Jornada 29"
2629,81,2016,107,30,"Jornada 30"
2630,81,2016,107,31,"Jornada 31"
2631,81,2016,107,32,"Jornada 32"
2632,81,2016,107,33,"Jornada 33"
2633,81,2016,107,34,"Jornada 34"
2650,81,2016,111,35,"Jornada 35"
2651,81,2016,111,36,"Jornada 36"
2652,81,2016,111,37,"Jornada 37"
2653,81,2016,111,38,"Jornada 38"
2654,81,2016,111,39,"Jornada 39"
2655,81,2016,111,40,"Jornada 40"
2656,81,2016,111,41,"Jornada 41"
2658,81,2016,111,43,"Jornada 43"
2659,81,2016,111,44,"Jornada 44"
2660,81,2016,111,45,"Jornada 45"
2661,81,2016,111,46,"Jornada 46"
2674,82,2017,107,1,"Jornada 1"
2675,82,2017,107,2,"Jornada 2"
2676,82,2017,107,3,"Jornada 3"
2677,82,2017,107,4,"Jornada 4"
2678,82,2017,107,5,"Jornada 5"
2679,82,2017,107,6,"Jornada 6"
2680,82,2017,107,7,"Jornada 7"
2681,82,2017,107,8,"Jornada 8"
2682,82,2017,107,9,"Jornada 9"
2683,82,2017,107,10,"Jornada 10"
2684,82,2017,107,11,"Jornada 11"
2685,82,2017,107,12,"Jornada 12"
2686,82,2017,107,13,"Jornada 13"
2687,82,2017,107,14,"Jornada 14"
2688,82,2017,107,15,"Jornada 15"
2689,82,2017,107,16,"Jornada 16"
2690,82,2017,107,17,"Jornada 17"
2691,82,2017,107,18,"Jornada 18"
2692,82,2017,107,19,"Jornada 19"
2693,82,2017,107,20,"Jornada 20"
2697,82,2017,107,21,"Jornada 21"
2698,82,2017,107,22,"Jornada 22"
2699,82,2017,107,23,"Jornada 23"
2700,82,2017,107,24,"Jornada 24"
2701,82,2017,107,25,"Jornada 25"
2702,82,2017,107,26,"Jornada 26"
2703,82,2017,107,27,"Jornada 27"
2704,82,2017,107,28,"Jornada 28"
2705,82,2017,107,29,"Jornada 29"
2706,82,2017,107,30,"Jornada 30"
2707,82,2017,107,31,"Jornada 31"
2708,82,2017,107,32,"Jornada 32"
2709,82,2017,107,33,"Jornada 33"
2710,82,2017,107,34,"Jornada 34"
2721,82,2017,111,35,"Jornada 35"
2722,82,2017,111,36,"Jornada 36"
2723,82,2017,111,37,"Jornada 37"
2724,82,2017,111,38,"Jornada 38"
2725,82,2017,111,39,"Jornada 39"
2726,82,2017,111,40,"Jornada 40"
2727,82,2017,111,41,"Jornada 41"
2729,82,2017,111,43,"Jornada 43"
2730,82,2017,111,44,"Jornada 44"
2731,82,2017,111,45,"Jornada 45"
2732,82,2017,111,46,"Jornada 46"
2745,83,2018,107,1,"Jornada 1"
2746,83,2018,107,2,"Jornada 2"
2747,83,2018,107,3,"Jornada 3"
2748,83,2018,107,4,"Jornada 4"
2749,83,2018,107,5,"Jornada 5"
2750,83,2018,107,6,"Jornada 6"
2751,83,2018,107,7,"Jornada 7"
2752,83,2018,107,8,"Jornada 8"
2753,83,2018,107,9,"Jornada 9"
2754,83,2018,107,10,"Jornada 10"
2755,83,2018,107,11,"Jornada 11"
2756,83,2018,107,12,"Jornada 12"
2757,83,2018,107,13,"Jornada 13"
2758,83,2018,107,14,"Jornada 14"
2759,83,2018,107,15,"Jornada 15"
2760,83,2018,107,16,"Jornada 16"
2761,83,2018,107,17,"Jornada 17"
2762,83,2018,107,18,"Jornada 18"
2763,83,2018,107,19,"Jornada 19"
2764,83,2018,107,20,"Jornada 20"
2768,83,2018,107,21,"Jornada 21"
2769,83,2018,107,22,"Jornada 22"
2770,83,2018,107,23,"Jornada 23"
2771,83,2018,107,24,"Jornada 24"
2772,83,2018,107,25,"Jornada 25"
2773,83,2018,107,26,"Jornada 26"
2774,83,2018,107,27,"Jornada 27"
2775,83,2018,107,28,"Jornada 28"
2776,83,2018,107,29,"Jornada 29"
2777,83,2018,107,30,"Jornada 30"
2778,83,2018,107,31,"Jornada 31"
2779,83,2018,107,32,"Jornada 32"
2780,83,2018,107,33,"Jornada 33"
2781,83,2018,107,34,"Jornada 34"
2782,83,2018,111,35,"Jornada 35"
2783,83,2018,111,36,"Jornada 36"
2784,83,2018,111,37,"Jornada 37"
2785,83,2018,111,38,"Jornada 38"
2786,83,2018,111,39,"Jornada 39"
2787,83,2018,111,40,"Jornada 40"
2790,83,2018,111,43,"Jornada 43"
2791,83,2018,111,44,"Jornada 44"
2792,83,2018,111,45,"Jornada 45"
2793,83,2018,111,46,"Jornada 46"
2903,84,2019,107,1,"Jornada 1"
2904,84,2019,107,2,"Jornada 2"
2905,84,2019,107,3,"Jornada 3"
2906,84,2019,107,4,"Jornada 4"
2907,84,2019,107,5,"Jornada 5"
2908,84,2019,107,6,"Jornada 6"
2909,84,2019,107,7,"Jornada 7"
2910,84,2019,107,8,"Jornada 8"
2911,84,2019,107,9,"Jornada 9"
2912,84,2019,107,10,"Jornada 10"
2913,84,2019,107,11,"Jornada 11"
2914,84,2019,107,12,"Jornada 12"
2915,84,2019,107,13,"Jornada 13"
2916,84,2019,107,14,"Jornada 14"
2917,84,2019,107,15,"Jornada 15"
2918,84,2019,107,16,"Jornada 16"
2919,84,2019,107,17,"Jornada 17"
2920,84,2019,107,18,"Jornada 18"
2921,84,2019,107,19,"Jornada 19"
2922,84,2019,107,20,"Jornada 20"
2923,84,2019,107,21,"Jornada 21"
2927,84,2019,107,22,"Jornada 22"
2928,84,2019,107,23,"Jornada 23"
5002,84,2019,103,24,"Jornada 24"
5003,84,2019,103,25,"Jornada 25"
5004,84,2019,103,26,"Jornada 26"
5005,84,2019,103,27,"Jornada 27"
5006,84,2019,103,28,"Jornada 28"
5007,84,2019,103,29,"Semifinales"
5008,84,2019,103,30,"Final"
5126,85,2020,107,1,"Jornada 1"
5146,85,2020,107,2,"Jornada 2"
5147,85,2020,107,3,"Jornada 3"
5148,85,2020,107,4,"Jornada 4"
5149,85,2020,107,5,"Jornada 5"
5150,85,2020,107,6,"Jornada 6"
5151,85,2020,107,7,"Jornada 7"
5152,85,2020,107,8,"Jornada 8"
5154,85,2020,107,9,"Jornada 9"
5162,85,2020,107,10,"Jornada 10"
5155,85,2020,107,11,"Jornada 11"
5156,85,2020,107,12,"Jornada 12"
5157,85,2020,107,13,"Jornada 13"
5158,85,2020,107,14,"Jornada 14"
5159,85,2020,107,15,"Jornada 15"
5160,85,2020,107,16,"Jornada 16"
5161,85,2020,107,17,"Jornada 17"
5145,85,2020,107,18,"Jornada 18"
5144,85,2020,107,19,"Jornada 19"
5143,85,2020,107,20,"Jornada 20"
5142,85,2020,107,21,"Jornada 21"
5127,85,2020,107,22,"Jornada 22"
5128,85,2020,107,23,"Jornada 23"
5129,85,2020,107,24,"Jornada 24"
5130,85,2020,107,25,"Jornada 25"
5131,85,2020,107,26,"Jornada 26"
5132,85,2020,107,27,"Jornada 27"
5133,85,2020,107,28,"Jornada 28"
5134,85,2020,107,29,"Jornada 29"
5135,85,2020,107,30,"Jornada 30"
5136,85,2020,107,31,"Jornada 31"
5137,85,2020,107,32,"Jornada 32"
5138,85,2020,107,33,"Jornada 33"
5139,85,2020,107,34,"Jornada 34"
5140,85,2020,107,35,"Jornada 35"
5141,85,2020,107,36,"Jornada 36"
5153,85,2020,107,37,"Jornada 37"
5163,85,2020,107,38,"Jornada 38"
5240,85,2020,111,39,"1/4 de final (1º)"
5241,85,2020,111,40,"1/4 de final (2º)"
5242,85,2020,111,41,"1/4 de final (3º)"
5243,85,2020,111,42,"Semifinales (1º)"
5244,85,2020,111,43,"Semifinales (2º)"
5245,85,2020,111,44,"Semifinales (3º)"
5246,85,2020,111,45,"Final (1º)"
5247,85,2020,111,46,"Final (2º)"
5409,86,2021,107,1,"Jornada 1"
5427,86,2021,107,2,"Jornada 2"
5428,86,2021,107,3,"Jornada 3"
5429,86,2021,107,4,"Jornada 4"
5430,86,2021,107,5,"Jornada 5"
5431,86,2021,107,6,"Jornada 6"
5432,86,2021,107,7,"Jornada 7"
5434,86,2021,107,8,"Jornada 8"
5441,86,2021,107,9,"Jornada 9"
5435,86,2021,107,10,"Jornada 10"
5436,86,2021,107,11,"Jornada 11"
5437,86,2021,107,12,"Jornada 12"
5438,86,2021,107,13,"Jornada 13"
5439,86,2021,107,14,"Jornada 14"
5440,86,2021,107,15,"Jornada 15"
5426,86,2021,107,16,"Jornada 16"
5425,86,2021,107,17,"Jornada 17"
5424,86,2021,107,18,"Jornada 18"
5423,86,2021,107,19,"Jornada 19"
5422,86,2021,107,20,"Jornada 20"
5421,86,2021,107,21,"Jornada 21"
5420,86,2021,107,22,"Jornada 22"
5419,86,2021,107,23,"Jornada 23"
5418,86,2021,107,24,"Jornada 24"
5417,86,2021,107,25,"Jornada 25"
5416,86,2021,107,26,"Jornada 26"
5415,86,2021,107,27,"Jornada 27"
5414,86,2021,107,28,"Jornada 28"
5413,86,2021,107,29,"Jornada 29"
5412,86,2021,107,30,"Jornada 30"
5411,86,2021,107,31,"Jornada 31"
5410,86,2021,107,32,"Jornada 32"
5433,86,2021,107,33,"Jornada 33"
5442,86,2021,107,34,"Jornada 34"
5504,86,2021,111,35,"1/4 de final (1º)"
5505,86,2021,111,36,"1/4 de final (2º)"
5506,86,2021,111,37,"1/4 de final (3º)"
5507,86,2021,111,38,"Semifinales (1º)"
5508,86,2021,111,39,"Semifinales (2º)"
5509,86,2021,111,40,"Semifinales (3º)"
5510,86,2021,111,41,"Semifinales (4º)"
5512,86,2021,111,43,"Final (1º)"
5513,86,2021,111,44,"Final (2º)"
5514,86,2021,111,45,"Final (3º)"
5515,86,2021,111,46,"Final (4º)"
5557,87,2022,107,1,"Jornada 1"
5556,87,2022,107,2,"Jornada 2"
5555,87,2022,107,3,"Jornada 3"
5537,87,2022,107,4,"Jornada 4"
5558,87,2022,107,5,"Jornada 5"
5559,87,2022,107,6,"Jornada 6"
5560,87,2022,107,7,"Jornada 7"
5562,87,2022,107,8,"Jornada 8"
5569,87,2022,107,9,"Jornada 9"
5563,87,2022,107,10,"Jornada 10"
5564,87,2022,107,11,"Jornada 11"
5565,87,2022,107,12,"Jornada 12"
5566,87,2022,107,13,"Jornada 13"
5567,87,2022,107,14,"Jornada 14"
5568,87,2022,107,15,"Jornada 15"
5554,87,2022,107,16,"Jornada 16"
5553,87,2022,107,17,"Jornada 17"
5552,87,2022,107,18,"Jornada 18"
5551,87,2022,107,19,"Jornada 19"
5550,87,2022,107,20,"Jornada 20"
5549,87,2022,107,21,"Jornada 21"
5548,87,2022,107,22,"Jornada 22"
5547,87,2022,107,23,"Jornada 23"
5546,87,2022,107,24,"Jornada 24"
5545,87,2022,107,25,"Jornada 25"
5544,87,2022,107,26,"Jornada 26"
5543,87,2022,107,27,"Jornada 27"
5542,87,2022,107,28,"Jornada 28"
5541,87,2022,107,29,"Jornada 29"
5540,87,2022,107,30,"Jornada 30"
5539,87,2022,107,31,"Jornada 31"
5538,87,2022,107,32,"Jornada 32"
5561,87,2022,107,33,"Jornada 33"
5570,87,2022,107,34,"Jornada 34"
5637,87,2022,111,35,"1/4 de final (1º)"
5636,87,2022,111,36,"1/4 de final (2º)"
5639,87,2022,111,38,"Semifinales (1º)"
5640,87,2022,111,39,"Semifinales (2º)"
5641,87,2022,111,40,"Semifinales (3º)"
5642,87,2022,111,41,"Semifinales (4º)"
5644,87,2022,111,43,"Final (1º)"
5645,87,2022,111,44,"Final (2º)"
5646,87,2022,111,45,"Final (3º)"
5669,88,2023,107,1,"Jornada 1"
5668,88,2023,107,2,"Jornada 2"
5667,88,2023,107,3,"Jornada 3"
5649,88,2023,107,4,"Jornada 4"
5670,88,2023,107,5,"Jornada 5"
5671,88,2023,107,6,"Jornada 6"
5672,88,2023,107,7,"Jornada 7"
5674,88,2023,107,8,"Jornada 8"
5681,88,2023,107,9,"Jornada 9"
5675,88,2023,107,10,"Jornada 10"
5676,88,2023,107,11,"Jornada 11"
5677,88,2023,107,12,"Jornada 12"
5678,88,2023,107,13,"Jornada 13"
5679,88,2023,107,14,"Jornada 14"
5680,88,2023,107,15,"Jornada 15"
5666,88,2023,107,16,"Jornada 16"
5665,88,2023,107,17,"Jornada 17"
5664,88,2023,107,18,"Jornada 18"
5663,88,2023,107,19,"Jornada 19"
5662,88,2023,107,20,"Jornada 20"
5661,88,2023,107,21,"Jornada 21"
5660,88,2023,107,22,"Jornada 22"
5659,88,2023,107,23,"Jornada 23"
5658,88,2023,107,24,"Jornada 24"
5657,88,2023,107,25,"Jornada 25"
5656,88,2023,107,26,"Jornada 26"
5655,88,2023,107,27,"Jornada 27"
5654,88,2023,107,28,"Jornada 28"
5653,88,2023,107,29,"Jornada 29"
5652,88,2023,107,30,"Jornada 30"
5651,88,2023,107,31,"Jornada 31"
5650,88,2023,107,32,"Jornada 32"
5673,88,2023,107,33,"Jornada 33"
5682,88,2023,107,34,"Jornada 34"
5776,88,2023,111,35,"1/4 de final (1º)"
5777,88,2023,111,36,"1/4 de final (2º)"
5778,88,2023,111,37,"1/4 de final (3º)"
5809,88,2023,111,38,"Semifinales (1º)"
5810,88,2023,111,39,"Semifinales (2º)"
5811,88,2023,111,40,"Semifinales (3º)"
5812,88,2023,111,41,"Semifinales (4º)"
5813,88,2023,111,42,"Semifinales (5º)"
5814,88,2023,111,43,"Final (1º)"
5815,88,2023,111,44,"Final (2º)"
5816,88,2023,111,45,"Final (3º)"
5819,89,2024,107,1,"Jornada 1"
5820,89,2024,107,2,"Jornada 2"
5821,89,2024,107,3,"Jornada 3"
5822,89,2024,107,4,"Jornada 4"
5823,89,2024,107,5,"Jornada 5"
5824,89,2024,107,6,"Jornada 6"
5825,89,2024,107,7,"Jornada 7"
5826,89,2024,107,8,"Jornada 8"
5827,89,2024,107,9,"Jornada 9"
5828,89,2024,107,10,"Jornada 10"
5829,89,2024,107,11,"Jornada 11"
5830,89,2024,107,12,"Jornada 12"
5831,89,2024,107,13,"Jornada 13"
5832,89,2024,107,14,"Jornada 14"
5833,89,2024,107,15,"Jornada 15"
5834,89,2024,107,16,"Jornada 16"
5835,89,2024,107,17,"Jornada 17"
5836,89,2024,107,18,"Jornada 18"
5837,89,2024,107,19,"Jornada 19"
5838,89,2024,107,20,"Jornada 20"
5839,89,2024,107,21,"Jornada 21"
5840,89,2024,107,22,"Jornada 22"
5841,89,2024,107,23,"Jornada 23"
5842,89,2024,107,24,"Jornada 24"
5843,89,2024,107,25,"Jornada 25"
5844,89,2024,107,26,"Jornada 26"
5845,89,2024,107,27,"Jornada 27"
5846,89,2024,107,28,"Jornada 28"
5847,89,2024,107,29,"Jornada 29"
5848,89,2024,107,30,"Jornada 30"
5849,89,2024,107,31,"Jornada 31"
5850,89,2024,107,32,"Jornada 32"
5851,89,2024,107,33,"Jornada 33"
5852,89,2024,107,34,"Jornada 34"
5869,89,2024,111,35,"1/4 de final (1º)"
5870,89,2024,111,36,"1/4 de final (2º)"
5876,89,2024,111,37,"1/4 de final (3º)"
5871,89,2024,111,38,"Semifinales (1º)"
5872,89,2024,111,39,"Semifinales (2º)"
5873,89,2024,111,40,"Semifinales (3º)"
5874,89,2024,111,41,"Semifinales (4º)"
5877,89,2024,111,43,"Final (1º)"
5878,89,2024,111,44,"Final (2º)"
5879,89,2024,111,45,"Final (3º)"
5884,90,2025,107,1,"Jornada 1"
5885,90,2025,107,2,"Jornada 2"
5886,90,2025,107,3,"Jornada 3"
5887,90,2025,107,4,"Jornada 4"
5888,90,2025,107,5,"Jornada 5"
5889,90,2025,107,6,"Jornada 6"
5890,90,2025,107,7,"Jornada 7"
5891,90,2025,107,8,"Jornada 8"
5892,90,2025,107,9,"Jornada 9"
5893,90,2025,107,10,"Jornada 10"
5894,90,2025,107,11,"Jornada 11"
5895,90,2025,107,12,"Jornada 12"
5896,90,2025,107,13,"Jornada 13"
5897,90,2025,107,14,"Jornada 14"
5898,90,2025,107,15,"Jornada 15"
5899,90,2025,107,16,"Jornada 16"
5900,90,2025,107,17,"Jornada 17"
5901,90,2025,107,18,"Jornada 18"
5902,90,2025,107,19,"Jornada 19"
5903,90,2025,107,20,"Jornada 20"
5904,90,2025,107,21,"Jornada 21"
5905,90,2025,107,22,"Jornada 22"
5906,90,2025,107,23,"Jornada 23"
5907,90,2025,107,24,"Jornada 24"
5908,90,2025,107,25,"Jornada 25"
5909,90,2025,107,26,"Jornada 26"
5910,90,2025,107,27,"Jornada 27"
5911,90,2025,107,28,"Jornada 28"
5912,90,2025,107,29,"Jornada 29"
5913,90,2025,107,30,"Jornada 30"
5914,90,2025,107,31,"Jornada 31"
5915,90,2025,107,32,"Jornada 32"
5916,90,2025,107,33,"Jornada 33"
5917,90,2025,107,34,"Jornada 34"
6002,90,2025,111,35,"1/4 de final (1º)"
6003,90,2025,111,36,"1/4 de final (2º)"
6004,90,2025,111,37,"1/4 de final (3º)"
6005,90,2025,111,38,"Semifinales (1º)"
6006,90,2025,111,39,"Semifinales (2º)"
6007,90,2025,111,40,"Semifinales (3º)"
6008,90,2025,111,41,"Semifinales (4º)"
6009,90,2025,111,42,"Semifinales (5º)"
6010,90,2025,111,43,"Final (1º)"
6011,90,2025,111,44,"Final (2)"
6012,90,2025,111,45,"Final (3)"
6013,90,2025,111,46,"Final (4)"
6015,91,2026,107,1,"Jornada 1"
6016,91,2026,107,2,"Jornada 2"
6017,91,2026,107,3,"Jornada 3"
6018,91,2026,107,4,"Jornada 4"
6019,91,2026,107,5,"Jornada 5"
6020,91,2026,107,6,"Jornada 6"
6021,91,2026,107,7,"Jornada 7"
6022,91,2026,107,8,"Jornada 8"
6023,91,2026,107,9,"Jornada 9"
6024,91,2026,107,10,"Jornada 10"
6025,91,2026,107,11,"Jornada 11"
6026,91,2026,107,12,"Jornada 12"
6027,91,2026,107,13,"Jornada 13"
6028,91,2026,107,14,"Jornada 14"
6029,91,2026,107,15,"Jornada 15"
6030,91,2026,107,16,"Jornada 16"
6031,91,2026,107,17,"Jornada 17"
6032,91,2026,107,18,"Jornada 18"
6033,91,2026,107,19,"Jornada 19"
6034,91,2026,107,20,"Jornada 20"
6035,91,2026,107,21,"Jornada 21"
6036,91,2026,107,22,"Jornada 22"
6037,91,2026,107,23,"Jornada 23"
6038,91,2026,107,24,"Jornada 24"
6039,91,2026,107,25,"Jornada 25"
6040,91,2026,107,26,"Jornada 26"
6041,91,2026,107,27,"Jornada 27"
6042,91,2026,107,28,"Jornada 28"
6043,91,2026,107,29,"Jornada 29"
6044,91,2026,107,30,"Jornada 30"
6045,91,2026,107,31,"Jornada 31"
6046,91,2026,107,32,"Jornada 32"
6047,91,2026,107,33,"Jornada 33"
6048,91,2026,107,34,"Jornada 34"
